CODMUNRES,NOME,POPRE_T
11,Rondônia,1787279
1100015,Alta Floresta D'Oeste (RO),25506
1100023,Ariquemes (RO),105896
1100031,Cabixi (RO),6289
1100049,Cacoal (RO),87877
1100056,Cerejeiras (RO),17959
1100064,Colorado do Oeste (RO),18639
1100072,Corumbiara (RO),8749
1100080,Costa Marques (RO),17031
1100098,Espigão D'Oeste (RO),32712
1100106,Guajará-Mirim (RO),47048
1100114,Jaru (RO),55806
1100122,Ji-Paraná (RO),131560
1100130,Machadinho D'Oeste (RO),37899
1100148,Nova Brasilândia D'Oeste (RO),21670
1100155,Ouro Preto do Oeste (RO),39840
1100189,Pimenta Bueno (RO),37786
1100205,Porto Velho (RO),511219
1100254,Presidente Médici (RO),22337
1100262,Rio Crespo (RO),3790
1100288,Rolim de Moura (RO),56664
1100296,Santa Luzia D'Oeste (RO),8362
1100304,Vilhena (RO),93745
1100320,São Miguel do Guaporé (RO),24059
1100338,Nova Mamoré (RO),28255
1100346,Alvorada D'Oeste (RO),16902
1100379,Alto Alegre dos Parecis (RO),13993
1100403,Alto Paraíso (RO),20569
1100452,Buritis (RO),38450
1100502,Novo Horizonte do Oeste (RO),10161
1100601,Cacaulândia (RO),6414
1100700,Campo Novo de Rondônia (RO),14354
1100809,Candeias do Jamari (RO),24719
1100908,Castanheiras (RO),3583
1100924,Chupinguaia (RO),10364
1100940,Cujubim (RO),21720
1101005,Governador Jorge Teixeira (RO),9933
1101104,Itapuã do Oeste (RO),10155
1101203,Ministro Andreazza (RO),10786
1101302,Mirante da Serra (RO),12308
1101401,Monte Negro (RO),16032
1101435,Nova União (RO),7796
1101450,Parecis (RO),5802
1101468,Pimenteiras do Oeste (RO),2417
1101476,Primavera de Rondônia (RO),3456
1101484,São Felipe D'Oeste (RO),6048
1101492,São Francisco do Guaporé (RO),19353
1101500,Seringueiras (RO),12617
1101559,Teixeirópolis (RO),4966
1101609,Theobroma (RO),11348
1101708,Urupá (RO),13198
1101757,Vale do Anari (RO),10999
1101807,Vale do Paraíso (RO),8138
12,Acre,816687
1200013,Acrelândia (AC),14120
1200054,Assis Brasil (AC),6863
1200104,Brasiléia (AC),24311
1200138,Bujari (AC),9503
1200179,Capixaba (AC),10820
1200203,Cruzeiro do Sul (AC),82075
1200252,Epitaciolândia (AC),17038
1200302,Feijó (AC),32372
1200328,Jordão (AC),7685
1200336,Mâncio Lima (AC),17545
1200344,Manoel Urbano (AC),8765
1200351,Marechal Thaumaturgo (AC),17401
1200385,Plácido de Castro (AC),18336
1200393,Porto Walter (AC),11059
1200401,Rio Branco (AC),377057
1200427,Rodrigues Alves (AC),17464
1200435,Santa Rosa do Purus (AC),6021
1200450,Senador Guiomard (AC),21369
1200500,Sena Madureira (AC),42451
1200609,Tarauacá (AC),39427
1200708,Xapuri (AC),17894
1200807,Porto Acre (AC),17111
13,Amazonas,4001667
1300029,Alvarães (AM),15729
1300060,Amaturá (AM),11047
1300086,Anamã (AM),12653
1300102,Anori (AM),19749
1300144,Apuí (AM),21031
1300201,Atalaia do Norte (AM),18599
1300300,Autazes (AM),37752
1300409,Barcelos (AM),27589
1300508,Barreirinha (AM),31105
1300607,Benjamin Constant (AM),40417
1300631,Beruri (AM),18579
1300680,Boa Vista do Ramos (AM),18080
1300706,Boca do Acre (AM),33840
1300805,Borba (AM),39885
1300839,Caapiranga (AM),12622
1300904,Canutama (AM),15312
1301001,Carauari (AM),28111
1301100,Careiro (AM),36922
1301159,Careiro da Várzea (AM),28592
1301209,Coari (AM),83929
1301308,Codajás (AM),27303
1301407,Eirunepé (AM),34461
1301506,Envira (AM),19143
1301605,Fonte Boa (AM),20199
1301654,Guajará (AM),16085
1301704,Humaitá (AM),52354
1301803,Ipixuna (AM),27587
1301852,Iranduba (AM),46703
1301902,Itacoatiara (AM),98503
1301951,Itamarati (AM),8153
1302009,Itapiranga (AM),9040
1302108,Japurá (AM),4660
1302207,Juruá (AM),13581
1302306,Jutaí (AM),16200
1302405,Lábrea (AM),44071
1302504,Manacapuru (AM),95330
1302553,Manaquiri (AM),29327
1302603,Manaus (AM),2094391
1302702,Manicoré (AM),53890
1302801,Maraã (AM),18477
1302900,Maués (AM),61110
1303007,Nhamundá (AM),20633
1303106,Nova Olinda do Norte (AM),35800
1303205,Novo Airão (AM),18133
1303304,Novo Aripuanã (AM),24718
1303403,Parintins (AM),112716
1303502,Pauini (AM),19488
1303536,Presidente Figueiredo (AM),33703
1303569,Rio Preto da Eva (AM),31274
1303601,Santa Isabel do Rio Negro (AM),23092
1303700,Santo Antônio do Içá (AM),23378
1303809,São Gabriel da Cachoeira (AM),43831
1303908,São Paulo de Olivença (AM),37300
1303957,São Sebastião do Uatumã (AM),13105
1304005,Silves (AM),9147
1304062,Tabatinga (AM),62346
1304104,Tapauá (AM),18039
1304203,Tefé (AM),62230
1304237,Tonantins (AM),18632
1304260,Uarini (AM),13276
1304302,Urucará (AM),17065
1304401,Urucurituba (AM),21650
14,Roraima,514229
1400027,Amajari (RR),11285
1400050,Alto Alegre (RR),16053
1400100,Boa Vista (RR),326419
1400159,Bonfim (RR),11843
1400175,Cantá (RR),16516
1400209,Caracaraí (RR),20537
1400233,Caroebe (RR),9331
1400282,Iracema (RR),10592
1400308,Mucajaí (RR),16618
1400407,Normandia (RR),10339
1400456,Pacaraima (RR),12144
1400472,Rorainópolis (RR),27756
1400506,São João da Baliza (RR),7629
1400605,São Luiz do Anauá (RR),7503
1400704,Uiramutã (RR),9664
15,Pará,8272724
1500107,Abaetetuba (PA),151934
1500131,Abel Figueiredo (PA),7179
1500206,Acará (PA),54080
1500305,Afuá (PA),37778
1500347,Água Azul do Norte (PA),26497
1500404,Alenquer (PA),54960
1500503,Almeirim (PA),33282
1500602,Altamira (PA),109938
1500701,Anajás (PA),28012
1500800,Ananindeua (PA),510834
1500859,Anapu (PA),26271
1500909,Augusto Corrêa (PA),44227
1500958,Aurora do Pará (PA),29991
1501006,Aveiro (PA),15950
1501105,Bagre (PA),29065
1501204,Baião (PA),44956
1501253,Bannach (PA),3233
1501303,Barcarena (PA),118537
1501402,Belém (PA),1446042
1501451,Belterra (PA),17145
1501501,Benevides (PA),59836
1501576,Bom Jesus do Tocantins (PA),16375
1501600,Bonito (PA),15563
1501709,Bragança (PA),122881
1501725,Brasil Novo (PA),14834
1501758,Brejo Grande do Araguaia (PA),7206
1501782,Breu Branco (PA),62737
1501808,Breves (PA),99080
1501907,Bujaru (PA),28016
1501956,Cachoeira do Piriá (PA),32139
1502004,Cachoeira do Arari (PA),22786
1502103,Cametá (PA),132515
1502152,Canaã dos Carajás (PA),34853
1502202,Capanema (PA),66759
1502301,Capitão Poço (PA),52768
1502400,Castanhal (PA),192571
1502509,Chaves (PA),22821
1502608,Colares (PA),11721
1502707,Conceição do Araguaia (PA),46485
1502756,Concórdia do Pará (PA),31884
1502764,Cumaru do Norte (PA),12765
1502772,Curionópolis (PA),17578
1502806,Curralinho (PA),32881
1502855,Curuá (PA),13783
1502905,Curuçá (PA),38391
1502939,Dom Eliseu (PA),57251
1502954,Eldorado do Carajás (PA),32780
1503002,Faro (PA),7168
1503044,Floresta do Araguaia (PA),19508
1503077,Garrafão do Norte (PA),25345
1503093,Goianésia do Pará (PA),38677
1503101,Gurupá (PA),32049
1503200,Igarapé-Açu (PA),37547
1503309,Igarapé-Miri (PA),60675
1503408,Inhangapi (PA),11224
1503457,Ipixuna do Pará (PA),60433
1503507,Irituia (PA),31664
1503606,Itaituba (PA),98485
1503705,Itupiranga (PA),51806
1503754,Jacareacanga (PA),8852
1503804,Jacundá (PA),56781
1503903,Juruti (PA),55179
1504000,Limoeiro do Ajuru (PA),27760
1504059,Mãe do Rio (PA),29112
1504109,Magalhães Barata (PA),8298
1504208,Marabá (PA),266932
1504307,Maracanã (PA),28668
1504406,Marapanim (PA),27471
1504422,Marituba (PA),125435
1504455,Medicilândia (PA),30315
1504505,Melgaço (PA),26652
1504604,Mocajuba (PA),29846
1504703,Moju (PA),78629
1504752,Mojuí dos Campos (PA),15548
1504802,Monte Alegre (PA),56391
1504901,Muaná (PA),38616
1504950,Nova Esperança do Piriá (PA),20727
1504976,Nova Ipixuna (PA),16032
1505007,Nova Timboteua (PA),14791
1505031,Novo Progresso (PA),25102
1505064,Novo Repartimento (PA),72347
1505106,Óbidos (PA),50596
1505205,Oeiras do Pará (PA),31257
1505304,Oriximiná (PA),70071
1505403,Ourém (PA),17237
1505437,Ourilândia do Norte (PA),31359
1505486,Pacajá (PA),45596
1505494,Palestina do Pará (PA),7404
1505502,Paragominas (PA),108547
1505536,Parauapebas (PA),196259
1505551,Pau D'Arco (PA),5436
1505601,Peixe-Boi (PA),7867
1505635,Piçarra (PA),12653
1505650,Placas (PA),29336
1505700,Ponta de Pedras (PA),29700
1505809,Portel (PA),59322
1505908,Porto de Moz (PA),39246
1506005,Prainha (PA),29132
1506104,Primavera (PA),10510
1506112,Quatipuru (PA),13142
1506138,Redenção (PA),81647
1506161,Rio Maria (PA),17721
1506187,Rondon do Pará (PA),50460
1506195,Rurópolis (PA),47971
1506203,Salinópolis (PA),39328
1506302,Salvaterra (PA),22740
1506351,Santa Bárbara do Pará (PA),20077
1506401,Santa Cruz do Arari (PA),9635
1506500,Santa Izabel do Pará (PA),67686
1506559,Santa Luzia do Pará (PA),19348
1506583,Santa Maria das Barreiras (PA),20396
1506609,Santa Maria do Pará (PA),24059
1506708,Santana do Araguaia (PA),68934
1506807,Santarém (PA),294447
1506906,Santarém Novo (PA),6482
1507003,Santo Antônio do Tauá (PA),30129
1507102,São Caetano de Odivelas (PA),17492
1507151,São Domingos do Araguaia (PA),24659
1507201,São Domingos do Capim (PA),30987
1507300,São Félix do Xingu (PA),120580
1507409,São Francisco do Pará (PA),15418
1507458,São Geraldo do Araguaia (PA),24394
1507466,São João da Ponta (PA),5884
1507474,São João de Pirabas (PA),22207
1507508,São João do Araguaia (PA),13569
1507607,São Miguel do Guamá (PA),56667
1507706,São Sebastião da Boa Vista (PA),25540
1507755,Sapucaia (PA),5678
1507805,Senador José Porfírio (PA),11587
1507904,Soure (PA),24488
1507953,Tailândia (PA),100300
1507961,Terra Alta (PA),11262
1507979,Terra Santa (PA),18105
1508001,Tomé-Açu (PA),61095
1508035,Tracuateua (PA),29793
1508050,Trairão (PA),18280
1508084,Tucumã (PA),37920
1508100,Tucuruí (PA),108885
1508126,Ulianópolis (PA),55739
1508159,Uruará (PA),44370
1508209,Vigia (PA),51705
1508308,Viseu (PA),59401
1508357,Vitória do Xingu (PA),14566
1508407,Xinguara (PA),43188
16,Amapá,782295
1600055,Serra do Navio (AP),5025
1600105,Amapá (AP),8690
1600154,Pedra Branca do Amapari (AP),14560
1600204,Calçoene (AP),10345
1600212,Cutias (AP),5523
1600238,Ferreira Gomes (AP),7087
1600253,Itaubal (AP),5061
1600279,Laranjal do Jari (AP),46639
1600303,Macapá (AP),465495
1600402,Mazagão (AP),19981
1600501,Oiapoque (AP),24892
1600535,Porto Grande (AP),20143
1600550,Pracuúba (AP),4655
1600600,Santana (AP),113854
1600709,Tartarugalzinho (AP),15665
1600808,Vitória do Jari (AP),14680
17,Tocantins,1532902
1700251,Abreulândia (TO),2555
1700301,Aguiarnópolis (TO),6307
1700350,Aliança do Tocantins (TO),5565
1700400,Almas (TO),7340
1700707,Alvorada (TO),8526
1701002,Ananás (TO),9798
1701051,Angico (TO),3401
1701101,Aparecida do Rio Negro (TO),4672
1701309,Aragominas (TO),5887
1701903,Araguacema (TO),6934
1702000,Araguaçu (TO),8734
1702109,Araguaína (TO),173112
1702158,Araguanã (TO),5581
1702208,Araguatins (TO),34810
1702307,Arapoema (TO),6777
1702406,Arraias (TO),10752
1702554,Augustinópolis (TO),17861
1702703,Aurora do Tocantins (TO),3709
1702901,Axixá do Tocantins (TO),9741
1703008,Babaçulândia (TO),10744
1703057,Bandeirantes do Tocantins (TO),3460
1703073,Barra do Ouro (TO),4503
1703107,Barrolândia (TO),5622
1703206,Bernardo Sayão (TO),4525
1703305,Bom Jesus do Tocantins (TO),4590
1703602,Brasilândia do Tocantins (TO),2188
1703701,Brejinho de Nazaré (TO),5475
1703800,Buriti do Tocantins (TO),10988
1703826,Cachoeirinha (TO),2266
1703842,Campos Lindos (TO),9604
1703867,Cariri do Tocantins (TO),4238
1703883,Carmolândia (TO),2531
1703891,Carrasco Bonito (TO),4019
1703909,Caseara (TO),5193
1704105,Centenário (TO),2835
1704600,Chapada de Areia (TO),1402
1705102,Chapada da Natividade (TO),3363
1705508,Colinas do Tocantins (TO),34416
1705557,Combinado (TO),4863
1705607,Conceição do Tocantins (TO),4194
1706001,Couto Magalhães (TO),5477
1706100,Cristalândia (TO),7380
1706258,Crixás do Tocantins (TO),1694
1706506,Darcinópolis (TO),5912
1707009,Dianópolis (TO),21457
1707108,Divinópolis do Tocantins (TO),6823
1707207,Dois Irmãos do Tocantins (TO),7294
1707306,Dueré (TO),4725
1707405,Esperantina (TO),10651
1707553,Fátima (TO),3882
1707652,Figueirópolis (TO),5369
1707702,Filadélfia (TO),8871
1708205,Formoso do Araguaia (TO),18713
1708254,Tabocão (TO),2570
1708304,Goianorte (TO),5144
1709005,Goiatins (TO),12894
1709302,Guaraí (TO),25399
1709500,Gurupi (TO),84628
1709807,Ipueiras (TO),1918
1710508,Itacajá (TO),7434
1710706,Itaguatins (TO),6007
1710904,Itapiratins (TO),3752
1711100,Itaporã do Tocantins (TO),2470
1711506,Jaú do Tocantins (TO),3791
1711803,Juarina (TO),2237
1711902,Lagoa da Confusão (TO),12501
1711951,Lagoa do Tocantins (TO),4115
1712009,Lajeado (TO),3059
1712157,Lavandeira (TO),1845
1712405,Lizarda (TO),3791
1712454,Luzinópolis (TO),2992
1712504,Marianópolis do Tocantins (TO),4976
1712702,Mateiros (TO),2570
1712801,Maurilândia do Tocantins (TO),3386
1713205,Miracema do Tocantins (TO),19340
1713304,Miranorte (TO),13363
1713601,Monte do Carmo (TO),7654
1713700,Monte Santo do Tocantins (TO),2248
1713809,Palmeiras do Tocantins (TO),6450
1713957,Muricilândia (TO),3470
1714203,Natividade (TO),9301
1714302,Nazaré (TO),4118
1714880,Nova Olinda (TO),11616
1715002,Nova Rosalândia (TO),4159
1715101,Novo Acordo (TO),4213
1715150,Novo Alegre (TO),2352
1715259,Novo Jardim (TO),2674
1715507,Oliveira de Fátima (TO),1104
1715705,Palmeirante (TO),5757
1715754,Palmeirópolis (TO),7666
1716109,Paraíso do Tocantins (TO),49727
1716208,Paranã (TO),10568
1716307,Pau D'Arco (TO),4834
1716505,Pedro Afonso (TO),13097
1716604,Peixe (TO),11467
1716653,Pequizeiro (TO),5418
1716703,Colméia (TO),8465
1717008,Pindorama do Tocantins (TO),4534
1717206,Piraquê (TO),3038
1717503,Pium (TO),7447
1717800,Ponte Alta do Bom Jesus (TO),4647
1717909,Ponte Alta do Tocantins (TO),7872
1718006,Porto Alegre do Tocantins (TO),3071
1718204,Porto Nacional (TO),52510
1718303,Praia Norte (TO),8298
1718402,Presidente Kennedy (TO),3738
1718451,Pugmil (TO),2621
1718501,Recursolândia (TO),4182
1718550,Riachinho (TO),4561
1718659,Rio da Conceição (TO),2021
1718709,Rio dos Bois (TO),2787
1718758,Rio Sono (TO),6500
1718808,Sampaio (TO),4498
1718840,Sandolândia (TO),3410
1718865,Santa Fé do Araguaia (TO),7318
1718881,Santa Maria do Tocantins (TO),3305
1718899,Santa Rita do Tocantins (TO),2322
1718907,Santa Rosa do Tocantins (TO),4814
1719004,Santa Tereza do Tocantins (TO),2794
1720002,Santa Terezinha do Tocantins (TO),2548
1720101,São Bento do Tocantins (TO),5164
1720150,São Félix do Tocantins (TO),1559
1720200,São Miguel do Tocantins (TO),11754
1720259,São Salvador do Tocantins (TO),3071
1720309,São Sebastião do Tocantins (TO),4702
1720499,São Valério (TO),4161
1720655,Silvanópolis (TO),5372
1720804,Sítio Novo do Tocantins (TO),9217
1720853,Sucupira (TO),1921
1720903,Taguatinga (TO),16386
1720937,Taipas do Tocantins (TO),2112
1720978,Talismã (TO),2757
1721000,Palmas (TO),279856
1721109,Tocantínia (TO),7387
1721208,Tocantinópolis (TO),23130
1721257,Tupirama (TO),1813
1721307,Tupiratins (TO),2518
1722081,Wanderlândia (TO),11622
1722107,Xambioá (TO),11695
21,Maranhão,6954036
2100055,Açailândia (MA),110543
2100105,Afonso Cunha (MA),6421
2100154,Água Doce do Maranhão (MA),12360
2100204,Alcântara (MA),21667
2100303,Aldeias Altas (MA),26115
2100402,Altamira do Maranhão (MA),10210
2100436,Alto Alegre do Maranhão (MA),26619
2100477,Alto Alegre do Pindaré (MA),31303
2100501,Alto Parnaíba (MA),10979
2100550,Amapá do Maranhão (MA),6844
2100600,Amarante do Maranhão (MA),40756
2100709,Anajatuba (MA),27125
2100808,Anapurus (MA),15499
2100832,Apicum-Açu (MA),18169
2100873,Araguanã (MA),15182
2100907,Araioses (MA),45680
2100956,Arame (MA),32083
2101004,Arari (MA),29297
2101103,Axixá (MA),11915
2101202,Bacabal (MA),103020
2101251,Bacabeira (MA),16812
2101301,Bacuri (MA),17388
2101350,Bacurituba (MA),5544
2101400,Balsas (MA),93511
2101509,Barão de Grajaú (MA),18496
2101608,Barra do Corda (MA),86662
2101707,Barreirinhas (MA),61621
2101731,Belágua (MA),7350
2101772,Bela Vista do Maranhão (MA),11020
2101806,Benedito Leite (MA),5524
2101905,Bequimão (MA),20867
2101939,Bernardo do Mearim (MA),5938
2101970,Boa Vista do Gurupi (MA),9164
2102002,Bom Jardim (MA),40898
2102036,Bom Jesus das Selvas (MA),33615
2102077,Bom Lugar (MA),16041
2102101,Brejo (MA),35799
2102150,Brejo de Areia (MA),10444
2102200,Buriti (MA),28170
2102309,Buriti Bravo (MA),23437
2102325,Buriticupu (MA),71227
2102358,Buritirana (MA),15142
2102374,Cachoeira Grande (MA),8878
2102408,Cajapió (MA),10975
2102507,Cajari (MA),19030
2102556,Campestre do Maranhão (MA),14127
2102606,Cândido Mendes (MA),19827
2102705,Cantanhede (MA),21617
2102754,Capinzal do Norte (MA),10716
2102804,Carolina (MA),23833
2102903,Carutapera (MA),23404
2103000,Caxias (MA),161926
2103109,Cedral (MA),10473
2103125,Central do Maranhão (MA),8534
2103158,Centro do Guilherme (MA),13295
2103174,Centro Novo do Maranhão (MA),21300
2103208,Chapadinha (MA),78348
2103257,Cidelândia (MA),14446
2103307,Codó (MA),120548
2103406,Coelho Neto (MA),48546
2103505,Colinas (MA),40427
2103554,Conceição do Lago-Açu (MA),15995
2103604,Coroatá (MA),64123
2103703,Cururupu (MA),30805
2103752,Davinópolis (MA),12656
2103802,Dom Pedro (MA),22897
2103901,Duque Bacelar (MA),11148
2104008,Esperantinópolis (MA),16833
2104057,Estreito (MA),41397
2104073,Feira Nova do Maranhão (MA),8347
2104081,Fernando Falcão (MA),10204
2104099,Formosa da Serra Negra (MA),18793
2104107,Fortaleza dos Nogueiras (MA),12390
2104206,Fortuna (MA),15251
2104305,Godofredo Viana (MA),11654
2104404,Gonçalves Dias (MA),17583
2104503,Governador Archer (MA),10648
2104552,Governador Edison Lobão (MA),18042
2104602,Governador Eugênio Barros (MA),16522
2104628,Governador Luiz Rocha (MA),7668
2104651,Governador Newton Bello (MA),9965
2104677,Governador Nunes Freire (MA),25052
2104701,Graça Aranha (MA),6138
2104800,Grajaú (MA),68458
2104909,Guimarães (MA),11776
2105005,Humberto de Campos (MA),28252
2105104,Icatu (MA),26651
2105153,Igarapé do Meio (MA),13968
2105203,Igarapé Grande (MA),11718
2105302,Imperatriz (MA),253873
2105351,Itaipava do Grajaú (MA),15817
2105401,Itapecuru Mirim (MA),67104
2105427,Itinga do Maranhão (MA),25518
2105450,Jatobá (MA),10027
2105476,Jenipapo dos Vieiras (MA),16226
2105500,João Lisboa (MA),23133
2105609,Joselândia (MA),15861
2105658,Junco do Maranhão (MA),3330
2105708,Lago da Pedra (MA),49440
2105807,Lago do Junco (MA),10638
2105906,Lago Verde (MA),15962
2105922,Lagoa do Mato (MA),11034
2105948,Lago dos Rodrigues (MA),8689
2105963,Lagoa Grande do Maranhão (MA),11202
2105989,Lajeado Novo (MA),7427
2106003,Lima Campos (MA),11670
2106102,Loreto (MA),11943
2106201,Luís Domingues (MA),6829
2106300,Magalhães de Almeida (MA),19532
2106326,Maracaçumé (MA),21063
2106359,Marajá do Sena (MA),7630
2106375,Maranhãozinho (MA),16062
2106409,Mata Roma (MA),16567
2106508,Matinha (MA),22962
2106607,Matões (MA),33188
2106631,Matões do Norte (MA),16552
2106672,Milagres do Maranhão (MA),8306
2106706,Mirador (MA),20605
2106755,Miranda do Norte (MA),27999
2106805,Mirinzal (MA),14690
2106904,Monção (MA),32884
2107001,Montes Altos (MA),8955
2107100,Morros (MA),19116
2107209,Nina Rodrigues (MA),14259
2107258,Nova Colinas (MA),5298
2107308,Nova Iorque (MA),4589
2107357,Nova Olinda do Maranhão (MA),20588
2107407,Olho d'Água das Cunhãs (MA),19145
2107456,Olinda Nova do Maranhão (MA),14474
2107506,Paço do Lumiar (MA),119915
2107605,Palmeirândia (MA),19359
2107704,Paraibano (MA),21008
2107803,Parnarama (MA),34265
2107902,Passagem Franca (MA),18699
2108009,Pastos Bons (MA),19140
2108058,Paulino Neves (MA),15779
2108108,Paulo Ramos (MA),20635
2108207,Pedreiras (MA),38433
2108256,Pedro do Rosário (MA),24748
2108306,Penalva (MA),37833
2108405,Peri Mirim (MA),14048
2108454,Peritoró (MA),22818
2108504,Pindaré-Mirim (MA),32348
2108603,Pinheiro (MA),81924
2108702,Pio XII (MA),21007
2108801,Pirapemas (MA),18302
2108900,Poção de Pedras (MA),17384
2109007,Porto Franco (MA),23511
2109056,Porto Rico do Maranhão (MA),5847
2109106,Presidente Dutra (MA),46970
2109205,Presidente Juscelino (MA),12532
2109239,Presidente Médici (MA),6902
2109270,Presidente Sarney (MA),18615
2109304,Presidente Vargas (MA),11391
2109403,Primeira Cruz (MA),15068
2109452,Raposa (MA),30304
2109502,Riachão (MA),19771
2109551,Ribamar Fiquene (MA),7652
2109601,Rosário (MA),42016
2109700,Sambaíba (MA),5561
2109759,Santa Filomena do Maranhão (MA),7645
2109809,Santa Helena (MA),41466
2109908,Santa Inês (MA),83759
2110005,Santa Luzia (MA),71329
2110039,Santa Luzia do Paruá (MA),24810
2110104,Santa Quitéria do Maranhão (MA),25192
2110203,Santa Rita (MA),36556
2110237,Santana do Maranhão (MA),13199
2110278,Santo Amaro do Maranhão (MA),15623
2110302,Santo Antônio dos Lopes (MA),14237
2110401,São Benedito do Rio Preto (MA),18319
2110500,São Bento (MA),45560
2110609,São Bernardo (MA),28020
2110658,São Domingos do Azeitão (MA),7259
2110708,São Domingos do Maranhão (MA),33699
2110807,São Félix de Balsas (MA),4484
2110856,São Francisco do Brejão (MA),11633
2110906,São Francisco do Maranhão (MA),11971
2111003,São João Batista (MA),20272
2111029,São João do Carú (MA),15483
2111052,São João do Paraíso (MA),10963
2111078,São João do Soter (MA),18225
2111102,São João dos Patos (MA),25448
2111201,São José de Ribamar (MA),176008
2111250,São José dos Basílios (MA),7489
2111300,São Luís (MA),1082935
2111409,São Luís Gonzaga do Maranhão (MA),18421
2111508,São Mateus do Maranhão (MA),40791
2111532,São Pedro da Água Branca (MA),12461
2111573,São Pedro dos Crentes (MA),4583
2111607,São Raimundo das Mangabeiras (MA),18548
2111631,São Raimundo do Doca Bezerra (MA),5082
2111672,São Roberto (MA),6620
2111706,São Vicente Ferrer (MA),20800
2111722,Satubinha (MA),13727
2111748,Senador Alexandre Costa (MA),10955
2111763,Senador La Rocque (MA),13975
2111789,Serrano do Maranhão (MA),10953
2111805,Sítio Novo (MA),17760
2111904,Sucupira do Norte (MA),10425
2111953,Sucupira do Riachão (MA),5556
2112001,Tasso Fragoso (MA),8382
2112100,Timbiras (MA),28575
2112209,Timon (MA),166295
2112233,Trizidela do Vale (MA),21028
2112274,Tufilândia (MA),5731
2112308,Tuntum (MA),41102
2112407,Turiaçu (MA),34949
2112456,Turilândia (MA),25232
2112506,Tutóia (MA),57955
2112605,Urbano Santos (MA),32629
2112704,Vargem Grande (MA),55710
2112803,Viana (MA),51503
2112852,Vila Nova dos Martírios (MA),13227
2112902,Vitória do Mearim (MA),32161
2113009,Vitorino Freire (MA),30897
2114007,Zé Doca (MA),50806
22,Piauí,3212180
2200053,Acauã (PI),6951
2200103,Agricolândia (PI),5069
2200202,Água Branca (PI),17068
2200251,Alagoinha do Piauí (PI),7515
2200277,Alegrete do Piauí (PI),4835
2200301,Alto Longá (PI),14040
2200400,Altos (PI),39795
2200459,Alvorada do Gurguéia (PI),5303
2200509,Amarante (PI),17317
2200608,Angical do Piauí (PI),6688
2200707,Anísio de Abreu (PI),9655
2200806,Antônio Almeida (PI),3109
2200905,Aroazes (PI),5755
2200954,Aroeiras do Itaim (PI),2460
2201002,Arraial (PI),4662
2201051,Assunção do Piauí (PI),7703
2201101,Avelino Lopes (PI),11471
2201150,Baixa Grande do Ribeiro (PI),11302
2201176,Barra D'Alcântara (PI),3888
2201200,Barras (PI),46189
2201309,Barreiras do Piauí (PI),3291
2201408,Barro Duro (PI),6930
2201507,Batalha (PI),26379
2201556,Bela Vista do Piauí (PI),3934
2201572,Belém do Piauí (PI),3485
2201606,Beneditinos (PI),10032
2201705,Bertolínia (PI),5408
2201739,Betânia do Piauí (PI),6102
2201770,Boa Hora (PI),6633
2201804,Bocaina (PI),4440
2201903,Bom Jesus (PI),24532
2201919,Bom Princípio do Piauí (PI),5517
2201929,Bonfim do Piauí (PI),5564
2201945,Boqueirão do Piauí (PI),6284
2201960,Brasileira (PI),8177
2201988,Brejo do Piauí (PI),3845
2202000,Buriti dos Lopes (PI),19441
2202026,Buriti dos Montes (PI),7909
2202059,Cabeceiras do Piauí (PI),10368
2202075,Cajazeiras do Piauí (PI),3485
2202083,Cajueiro da Praia (PI),7483
2202091,Caldeirão Grande do Piauí (PI),5680
2202109,Campinas do Piauí (PI),5515
2202117,Campo Alegre do Fidalgo (PI),4935
2202133,Campo Grande do Piauí (PI),5823
2202174,Campo Largo do Piauí (PI),7126
2202208,Campo Maior (PI),46031
2202251,Canavieira (PI),3898
2202307,Canto do Buriti (PI),20770
2202406,Capitão de Campos (PI),11205
2202455,Capitão Gervásio Oliveira (PI),4021
2202505,Caracol (PI),10688
2202539,Caraúbas do Piauí (PI),5750
2202554,Caridade do Piauí (PI),5012
2202604,Castelo do Piauí (PI),19410
2202653,Caxingó (PI),5306
2202703,Cocal (PI),27287
2202711,Cocal de Telha (PI),4805
2202729,Cocal dos Alves (PI),6042
2202737,Coivaras (PI),3942
2202752,Colônia do Gurguéia (PI),6345
2202778,Colônia do Piauí (PI),7532
2202802,Conceição do Canindé (PI),4540
2202851,Coronel José Dias (PI),4605
2202901,Corrente (PI),26149
2203008,Cristalândia do Piauí (PI),8130
2203107,Cristino Castro (PI),10235
2203206,Curimatá (PI),11158
2203230,Currais (PI),4859
2203255,Curralinhos (PI),4353
2203271,Curral Novo do Piauí (PI),5152
2203305,Demerval Lobão (PI),13575
2203354,Dirceu Arcoverde (PI),6880
2203404,Dom Expedito Lopes (PI),6774
2203420,Domingos Mourão (PI),4288
2203453,Dom Inocêncio (PI),9396
2203503,Elesbão Veloso (PI),14406
2203602,Eliseu Martins (PI),4822
2203701,Esperantina (PI),38983
2203750,Fartura do Piauí (PI),5210
2203800,Flores do Piauí (PI),4394
2203859,Floresta do Piauí (PI),2517
2203909,Floriano (PI),58892
2204006,Francinópolis (PI),5265
2204105,Francisco Ayres (PI),4309
2204154,Francisco Macedo (PI),3113
2204204,Francisco Santos (PI),9108
2204303,Fronteiras (PI),11405
2204352,Geminiano (PI),5337
2204402,Gilbués (PI),10518
2204501,Guadalupe (PI),10337
2204550,Guaribas (PI),4484
2204600,Hugo Napoleão (PI),3815
2204659,Ilha Grande (PI),9242
2204709,Inhuma (PI),15056
2204808,Ipiranga do Piauí (PI),9626
2204907,Isaías Coelho (PI),8424
2205003,Itainópolis (PI),11375
2205102,Itaueira (PI),10837
2205151,Jacobina do Piauí (PI),5671
2205201,Jaicós (PI),18725
2205250,Jardim do Mulato (PI),4422
2205276,Jatobá do Piauí (PI),4777
2205300,Jerumenha (PI),4388
2205359,João Costa (PI),2963
2205409,Joaquim Pires (PI),14105
2205458,Joca Marques (PI),5331
2205508,José de Freitas (PI),38440
2205516,Juazeiro do Piauí (PI),5385
2205524,Júlio Borges (PI),5523
2205532,Jurema (PI),4671
2205540,Lagoinha do Piauí (PI),2785
2205557,Lagoa Alegre (PI),8365
2205565,Lagoa do Barro do Piauí (PI),4580
2205573,Lagoa de São Francisco (PI),6630
2205581,Lagoa do Piauí (PI),3987
2205599,Lagoa do Sítio (PI),5068
2205607,Landri Sales (PI),5227
2205706,Luís Correia (PI),29683
2205805,Luzilândia (PI),25067
2205854,Madeiro (PI),8143
2205904,Manoel Emídio (PI),5265
2205953,Marcolândia (PI),8299
2206001,Marcos Parente (PI),4479
2206050,Massapê do Piauí (PI),6332
2206100,Matias Olímpio (PI),10740
2206209,Miguel Alves (PI),33146
2206308,Miguel Leão (PI),1231
2206357,Milton Brandão (PI),6513
2206407,Monsenhor Gil (PI),10409
2206506,Monsenhor Hipólito (PI),7605
2206605,Monte Alegre do Piauí (PI),10446
2206654,Morro Cabeça no Tempo (PI),4070
2206670,Morro do Chapéu do Piauí (PI),6672
2206696,Murici dos Portelas (PI),8954
2206704,Nazaré do Piauí (PI),7245
2206720,Nazária (PI),8398
2206753,Nossa Senhora de Nazaré (PI),4768
2206803,Nossa Senhora dos Remédios (PI),8521
2206902,Novo Oriente do Piauí (PI),6474
2206951,Novo Santo Antônio (PI),2930
2207009,Oeiras (PI),36385
2207108,Olho D'Água do Piauí (PI),2409
2207207,Padre Marcos (PI),6753
2207306,Paes Landim (PI),4068
2207355,Pajeú do Piauí (PI),3321
2207405,Palmeira do Piauí (PI),4973
2207504,Palmeirais (PI),14253
2207553,Paquetá (PI),3893
2207603,Parnaguá (PI),10589
2207702,Parnaíba (PI),150201
2207751,Passagem Franca do Piauí (PI),4491
2207777,Patos do Piauí (PI),6271
2207793,Pau D'Arco do Piauí (PI),3957
2207801,Paulistana (PI),20198
2207850,Pavussu (PI),3629
2207900,Pedro II (PI),38090
2207934,Pedro Laurentino (PI),2488
2207959,Nova Santa Rita (PI),4295
2208007,Picos (PI),76749
2208106,Pimenteiras (PI),11925
2208205,Pio IX (PI),18095
2208304,Piracuruca (PI),28242
2208403,Piripiri (PI),62695
2208502,Porto (PI),12324
2208551,Porto Alegre do Piauí (PI),2656
2208601,Prata do Piauí (PI),3104
2208650,Queimada Nova (PI),8821
2208700,Redenção do Gurguéia (PI),8618
2208809,Regeneração (PI),17697
2208858,Riacho Frio (PI),4248
2208874,Ribeira do Piauí (PI),4393
2208908,Ribeiro Gonçalves (PI),7185
2209005,Rio Grande do Piauí (PI),6330
2209104,Santa Cruz do Piauí (PI),6134
2209153,Santa Cruz dos Milagres (PI),3940
2209203,Santa Filomena (PI),6155
2209302,Santa Luz (PI),5741
2209351,Santana do Piauí (PI),4552
2209377,Santa Rosa do Piauí (PI),5177
2209401,Santo Antônio de Lisboa (PI),6270
2209450,Santo Antônio dos Milagres (PI),2120
2209500,Santo Inácio do Piauí (PI),3726
2209559,São Braz do Piauí (PI),4374
2209609,São Félix do Piauí (PI),2909
2209658,São Francisco de Assis do Piauí (PI),5810
2209708,São Francisco do Piauí (PI),6326
2209757,São Gonçalo do Gurguéia (PI),2975
2209807,São Gonçalo do Piauí (PI),4918
2209856,São João da Canabrava (PI),4529
2209872,São João da Fronteira (PI),5919
2209906,São João da Serra (PI),6064
2209955,São João da Varjota (PI),4755
2209971,São João do Arraial (PI),7804
2210003,São João do Piauí (PI),20206
2210052,São José do Divino (PI),5253
2210102,São José do Peixe (PI),3692
2210201,São José do Piauí (PI),6606
2210300,São Julião (PI),6253
2210359,São Lourenço do Piauí (PI),4497
2210375,São Luis do Piauí (PI),2597
2210383,São Miguel da Baixa Grande (PI),2412
2210391,São Miguel do Fidalgo (PI),2992
2210409,São Miguel do Tapuio (PI),17604
2210508,São Pedro do Piauí (PI),14027
2210607,São Raimundo Nonato (PI),33966
2210623,Sebastião Barros (PI),3437
2210631,Sebastião Leal (PI),4217
2210656,Sigefredo Pacheco (PI),9865
2210706,Simões (PI),14384
2210805,Simplício Mendes (PI),12458
2210904,Socorro do Piauí (PI),4506
2210938,Sussuapara (PI),6581
2210953,Tamboril do Piauí (PI),2861
2210979,Tanque do Piauí (PI),2712
2211001,Teresina (PI),847430
2211100,União (PI),43689
2211209,Uruçuí (PI),21105
2211308,Valença do Piauí (PI),20579
2211357,Várzea Branca (PI),4881
2211407,Várzea Grande (PI),4329
2211506,Vera Mendes (PI),3028
2211605,Vila Nova do Piauí (PI),2947
2211704,Wall Ferraz (PI),4383
23,Ceará,8963663
2300101,Abaiara (CE),11483
2300150,Acarape (CE),16418
2300200,Acaraú (CE),61715
2300309,Acopiara (CE),53358
2300408,Aiuaba (CE),17098
2300507,Alcântaras (CE),11391
2300606,Altaneira (CE),7413
2300705,Alto Santo (CE),16927
2300754,Amontada (CE),42508
2300804,Antonina do Norte (CE),7253
2300903,Apuiarés (CE),14644
2301000,Aquiraz (CE),78438
2301109,Aracati (CE),73188
2301208,Aracoiaba (CE),26203
2301257,Ararendá (CE),10800
2301307,Araripe (CE),21345
2301406,Aratuba (CE),11300
2301505,Arneiroz (CE),7774
2301604,Assaré (CE),23191
2301703,Aurora (CE),24548
2301802,Baixio (CE),6214
2301851,Banabuiú (CE),17968
2301901,Barbalha (CE),59343
2301950,Barreira (CE),20835
2302008,Barro (CE),22361
2302057,Barroquinha (CE),14854
2302107,Baturité (CE),35154
2302206,Beberibe (CE),52719
2302305,Bela Cruz (CE),32243
2302404,Boa Viagem (CE),53945
2302503,Brejo Santo (CE),48451
2302602,Camocim (CE),62734
2302701,Campos Sales (CE),27167
2302800,Canindé (CE),77261
2302909,Capistrano (CE),17621
2303006,Caridade (CE),22065
2303105,Cariré (CE),18653
2303204,Caririaçu (CE),26876
2303303,Cariús (CE),18807
2303402,Carnaubal (CE),17549
2303501,Cascavel (CE),70574
2303600,Catarina (CE),20269
2303659,Catunda (CE),10331
2303709,Caucaia (CE),358164
2303808,Cedro (CE),25038
2303907,Chaval (CE),12931
2303931,Choró (CE),13340
2303956,Chorozinho (CE),19194
2304004,Coreaú (CE),23000
2304103,Crateús (CE),74350
2304202,Crato (CE),129662
2304236,Croatá (CE),17802
2304251,Cruz (CE),23833
2304269,Deputado Irapuan Pinheiro (CE),9483
2304277,Ereré (CE),7134
2304285,Eusébio (CE),51913
2304301,Farias Brito (CE),18789
2304350,Forquilha (CE),23801
2304400,Fortaleza (CE),2609716
2304459,Fortim (CE),16115
2304509,Frecheirinha (CE),13606
2304608,General Sampaio (CE),6845
2304657,Graça (CE),15300
2304707,Granja (CE),54146
2304806,Granjeiro (CE),4459
2304905,Groaíras (CE),10931
2304954,Guaiúba (CE),26091
2305001,Guaraciaba do Norte (CE),39301
2305100,Guaramiranga (CE),3632
2305209,Hidrolândia (CE),20136
2305233,Horizonte (CE),64673
2305266,Ibaretama (CE),13203
2305308,Ibiapina (CE),24739
2305332,Ibicuitinga (CE),12242
2305357,Icapuí (CE),19554
2305407,Icó (CE),67345
2305506,Iguatu (CE),102013
2305605,Independência (CE),25962
2305654,Ipaporanga (CE),11499
2305704,Ipaumirim (CE),12327
2305803,Ipu (CE),41485
2305902,Ipueiras (CE),37957
2306009,Iracema (CE),14098
2306108,Irauçuba (CE),23704
2306207,Itaiçaba (CE),7698
2306256,Itaitinga (CE),38933
2306306,Itapajé (CE),51538
2306405,Itapipoca (CE),126234
2306504,Itapiúna (CE),19872
2306553,Itarema (CE),40822
2306603,Itatira (CE),20484
2306702,Jaguaretama (CE),17977
2306801,Jaguaribara (CE),11200
2306900,Jaguaribe (CE),34503
2307007,Jaguaruana (CE),33607
2307106,Jardim (CE),27074
2307205,Jati (CE),7827
2307254,Jijoca de Jericoacoara (CE),19224
2307304,Juazeiro do Norte (CE),268248
2307403,Jucás (CE),24540
2307502,Lavras da Mangabeira (CE),31359
2307601,Limoeiro do Norte (CE),58552
2307635,Madalena (CE),19616
2307650,Maracanaú (CE),223188
2307700,Maranguape (CE),125058
2307809,Marco (CE),26738
2307908,Martinópole (CE),10990
2308005,Massapê (CE),37892
2308104,Mauriti (CE),46335
2308203,Meruoca (CE),14814
2308302,Milagres (CE),28292
2308351,Milhã (CE),13152
2308377,Miraíma (CE),13507
2308401,Missão Velha (CE),35326
2308500,Mombaça (CE),43678
2308609,Monsenhor Tabosa (CE),17025
2308708,Morada Nova (CE),61722
2308807,Moraújo (CE),8579
2308906,Morrinhos (CE),22067
2309003,Mucambo (CE),14367
2309102,Mulungu (CE),12682
2309201,Nova Olinda (CE),15310
2309300,Nova Russas (CE),31954
2309409,Novo Oriente (CE),28288
2309458,Ocara (CE),25261
2309508,Orós (CE),21342
2309607,Pacajus (CE),69877
2309706,Pacatuba (CE),81627
2309805,Pacoti (CE),11936
2309904,Pacujá (CE),6186
2310001,Palhano (CE),9248
2310100,Palmácia (CE),13022
2310209,Paracuru (CE),33665
2310258,Paraipaba (CE),32256
2310308,Parambu (CE),31213
2310407,Paramoti (CE),11564
2310506,Pedra Branca (CE),42795
2310605,Penaforte (CE),8888
2310704,Pentecoste (CE),36928
2310803,Pereiro (CE),16139
2310852,Pindoretama (CE),20430
2310902,Piquet Carneiro (CE),16599
2310951,Pires Ferreira (CE),10730
2311009,Poranga (CE),12234
2311108,Porteiras (CE),14965
2311207,Potengi (CE),10856
2311231,Potiretama (CE),6337
2311264,Quiterianópolis (CE),20777
2311306,Quixadá (CE),85991
2311355,Quixelô (CE),14903
2311405,Quixeramobim (CE),77931
2311504,Quixeré (CE),21728
2311603,Redenção (CE),27358
2311702,Reriutaba (CE),18889
2311801,Russas (CE),75762
2311900,Saboeiro (CE),15715
2311959,Salitre (CE),16248
2312007,Santana do Acaraú (CE),31814
2312106,Santana do Cariri (CE),17479
2312205,Santa Quitéria (CE),43359
2312304,São Benedito (CE),46414
2312403,São Gonçalo do Amarante (CE),47791
2312502,São João do Jaguaribe (CE),7670
2312601,São Luís do Curu (CE),12805
2312700,Senador Pompeu (CE),26496
2312809,Senador Sá (CE),7442
2312908,Sobral (CE),203682
2313005,Solonópole (CE),18127
2313104,Tabuleiro do Norte (CE),30378
2313203,Tamboril (CE),25560
2313252,Tarrafas (CE),8875
2313302,Tauá (CE),57914
2313351,Tejuçuoca (CE),18709
2313401,Tianguá (CE),74107
2313500,Trairi (CE),54820
2313559,Tururu (CE),15768
2313609,Ubajara (CE),34068
2313708,Umari (CE),7668
2313757,Umirim (CE),19602
2313807,Uruburetama (CE),21411
2313906,Uruoca (CE),13600
2313955,Varjota (CE),18188
2314003,Várzea Alegre (CE),40255
2314102,Viçosa do Ceará (CE),59487
24,Rio Grande do Norte,3474998
2400109,Acari (RN),11338
2400208,Assú (RN),57743
2400307,Afonso Bezerra (RN),11207
2400406,Água Nova (RN),3235
2400505,Alexandria (RN),13839
2400604,Almino Afonso (RN),4876
2400703,Alto do Rodrigues (RN),14143
2400802,Angicos (RN),11908
2400901,Antônio Martins (RN),7221
2401008,Apodi (RN),36257
2401107,Areia Branca (RN),27176
2401206,Arez (RN),14176
2401305,Campo Grande (RN),9742
2401404,Baía Formosa (RN),9247
2401453,Baraúna (RN),27667
2401503,Barcelona (RN),4065
2401602,Bento Fernandes (RN),5493
2401651,Bodó (RN),2332
2401701,Bom Jesus (RN),10185
2401800,Brejinho (RN),12616
2401859,Caiçara do Norte (RN),6606
2401909,Caiçara do Rio do Vento (RN),3645
2402006,Caicó (RN),67747
2402105,Campo Redondo (RN),11156
2402204,Canguaretama (RN),33949
2402303,Caraúbas (RN),20636
2402402,Carnaúba dos Dantas (RN),8117
2402501,Carnaubais (RN),10592
2402600,Ceará-Mirim (RN),73370
2402709,Cerro Corá (RN),11331
2402808,Coronel Ezequiel (RN),5590
2402907,Coronel João Pessoa (RN),4972
2403004,Cruzeta (RN),8155
2403103,Currais Novos (RN),45060
2403202,Doutor Severiano (RN),7187
2403251,Parnamirim (RN),248623
2403301,Encanto (RN),5630
2403400,Equador (RN),6103
2403509,Espírito Santo (RN),10714
2403608,Extremoz (RN),27933
2403707,Felipe Guerra (RN),6033
2403756,Fernando Pedroza (RN),3055
2403806,Florânia (RN),9258
2403905,Francisco Dantas (RN),2899
2404002,Frutuoso Gomes (RN),4204
2404101,Galinhos (RN),2650
2404200,Goianinha (RN),25685
2404309,Governador Dix-Sept Rosado (RN),13103
2404408,Grossos (RN),10293
2404507,Guamaré (RN),14975
2404606,Ielmo Marinho (RN),13559
2404705,Ipanguaçu (RN),15308
2404804,Ipueira (RN),2236
2404853,Itajá (RN),7515
2404903,Itaú (RN),5904
2405009,Jaçanã (RN),8949
2405108,Jandaíra (RN),6920
2405207,Janduís (RN),5402
2405306,Januário Cicco (RN),9989
2405405,Japi (RN),5306
2405504,Jardim de Angicos (RN),2666
2405603,Jardim de Piranhas (RN),14734
2405702,Jardim do Seridó (RN),12566
2405801,João Câmara (RN),34839
2405900,João Dias (RN),2693
2406007,José da Penha (RN),6050
2406106,Jucurutu (RN),18490
2406155,Jundiá (RN),3881
2406205,Lagoa d'Anta (RN),6743
2406304,Lagoa de Pedras (RN),7529
2406403,Lagoa de Velhos (RN),2768
2406502,Lagoa Nova (RN),15434
2406601,Lagoa Salgada (RN),8206
2406700,Lajes (RN),11234
2406809,Lajes Pintadas (RN),4813
2406908,Lucrécia (RN),3968
2407005,Luís Gomes (RN),10171
2407104,Macaíba (RN),79211
2407203,Macau (RN),31592
2407252,Major Sales (RN),3955
2407302,Marcelino Vieira (RN),8495
2407401,Martins (RN),8750
2407500,Maxaranguape (RN),12030
2407609,Messias Targino (RN),4569
2407708,Montanhas (RN),11537
2407807,Monte Alegre (RN),22311
2407906,Monte das Gameleiras (RN),2198
2408003,Mossoró (RN),291937
2408102,Natal (RN),877662
2408201,Nísia Floresta (RN),26994
2408300,Nova Cruz (RN),37547
2408409,Olho d'Água do Borges (RN),4359
2408508,Ouro Branco (RN),4877
2408607,Paraná (RN),4249
2408706,Paraú (RN),3875
2408805,Parazinho (RN),5215
2408904,Parelhas (RN),21577
2408953,Rio do Fogo (RN),10830
2409100,Passa e Fica (RN),12880
2409209,Passagem (RN),3092
2409308,Patu (RN),12776
2409332,Santa Maria (RN),5422
2409407,Pau dos Ferros (RN),30206
2409506,Pedra Grande (RN),3392
2409605,Pedra Preta (RN),2550
2409704,Pedro Avelino (RN),6998
2409803,Pedro Velho (RN),14900
2409902,Pendências (RN),14919
2410009,Pilões (RN),3799
2410108,Poço Branco (RN),15280
2410207,Portalegre (RN),7861
2410256,Porto do Mangue (RN),6691
2410306,Serra Caiada (RN),9958
2410405,Pureza (RN),9451
2410504,Rafael Fernandes (RN),5078
2410603,Rafael Godeiro (RN),3224
2410702,Riacho da Cruz (RN),3526
2410801,Riacho de Santana (RN),4278
2410900,Riachuelo (RN),7970
2411007,Rodolfo Fernandes (RN),4546
2411056,Tibau (RN),4060
2411106,Ruy Barbosa (RN),3673
2411205,Santa Cruz (RN),39300
2411403,Santana do Matos (RN),13445
2411429,Santana do Seridó (RN),2688
2411502,Santo Antônio (RN),24045
2411601,São Bento do Norte (RN),2875
2411700,São Bento do Trairí (RN),4372
2411809,São Fernando (RN),3603
2411908,São Francisco do Oeste (RN),4206
2412005,São Gonçalo do Amarante (RN),99724
2412104,São João do Sabugi (RN),6240
2412203,São José de Mipibu (RN),43598
2412302,São José do Campestre (RN),12971
2412401,São José do Seridó (RN),4605
2412500,São Miguel (RN),23444
2412559,São Miguel do Gostoso (RN),9518
2412609,São Paulo do Potengi (RN),17407
2412708,São Pedro (RN),6177
2412807,São Rafael (RN),8345
2412906,São Tomé (RN),11214
2413003,São Vicente (RN),6435
2413102,Senador Elói de Souza (RN),6138
2413201,Senador Georgino Avelino (RN),4373
2413300,Serra de São Bento (RN),5877
2413359,Serra do Mel (RN),11675
2413409,Serra Negra do Norte (RN),8152
2413508,Serrinha (RN),6470
2413557,Serrinha dos Pintos (RN),4819
2413607,Severiano Melo (RN),3517
2413706,Sítio Novo (RN),5481
2413805,Taboleiro Grande (RN),2542
2413904,Taipu (RN),12398
2414001,Tangará (RN),15700
2414100,Tenente Ananias (RN),10731
2414159,Tenente Laurentino Cruz (RN),5835
2414209,Tibau do Sul (RN),13609
2414308,Timbaúba dos Batistas (RN),2428
2414407,Touros (RN),33778
2414456,Triunfo Potiguar (RN),3346
2414506,Umarizal (RN),10808
2414605,Upanema (RN),14448
2414704,Várzea (RN),5534
2414753,Venha-Ver (RN),4154
2414803,Vera Cruz (RN),12196
2414902,Viçosa (RN),1722
2415008,Vila Flor (RN),3145
25,Paraíba,3999415
2500106,Água Branca (PB),10172
2500205,Aguiar (PB),5567
2500304,Alagoa Grande (PB),28604
2500403,Alagoa Nova (PB),20596
2500502,Alagoinha (PB),14376
2500536,Alcantil (PB),5475
2500577,Algodão de Jandaíra (PB),2488
2500601,Alhandra (PB),19412
2500700,São João do Rio do Peixe (PB),17934
2500734,Amparo (PB),2229
2500775,Aparecida (PB),8348
2500809,Araçagi (PB),17061
2500908,Arara (PB),13448
2501005,Araruna (PB),20237
2501104,Areia (PB),22940
2501153,Areia de Baraúnas (PB),2137
2501203,Areial (PB),6938
2501302,Aroeiras (PB),19178
2501351,Assunção (PB),3876
2501401,Baía da Traição (PB),8951
2501500,Bananeiras (PB),21195
2501534,Baraúna (PB),4843
2501575,Barra de Santana (PB),8245
2501609,Barra de Santa Rosa (PB),15286
2501708,Barra de São Miguel (PB),5943
2501807,Bayeux (PB),96583
2501906,Belém (PB),17640
2502003,Belém do Brejo do Cruz (PB),7334
2502052,Bernardino Batista (PB),3398
2502102,Boa Ventura (PB),5410
2502151,Boa Vista (PB),6986
2502201,Bom Jesus (PB),2550
2502300,Bom Sucesso (PB),4989
2502409,Bonito de Santa Fé (PB),11814
2502508,Boqueirão (PB),17757
2502607,Igaracy (PB),6182
2502706,Borborema (PB),5399
2502805,Brejo do Cruz (PB),14006
2502904,Brejo dos Santos (PB),6435
2503001,Caaporã (PB),21717
2503100,Cabaceiras (PB),5511
2503209,Cabedelo (PB),66858
2503308,Cachoeira dos Índios (PB),10191
2503407,Cacimba de Areia (PB),3731
2503506,Cacimba de Dentro (PB),17153
2503555,Cacimbas (PB),7148
2503605,Caiçara (PB),7288
2503704,Cajazeiras (PB),61816
2503753,Cajazeirinhas (PB),3181
2503803,Caldas Brandão (PB),5986
2503902,Camalaú (PB),5996
2504009,Campina Grande (PB),407754
2504033,Capim (PB),6441
2504074,Caraúbas (PB),4143
2504108,Carrapateira (PB),2635
2504157,Casserengue (PB),7436
2504207,Catingueira (PB),4927
2504306,Catolé do Rocha (PB),30360
2504355,Caturité (PB),4810
2504405,Conceição (PB),18903
2504504,Condado (PB),6743
2504603,Conde (PB),24380
2504702,Congo (PB),4785
2504801,Coremas (PB),15418
2504850,Coxixola (PB),1909
2504900,Cruz do Espírito Santo (PB),17389
2505006,Cubati (PB),7234
2505105,Cuité (PB),20337
2505204,Cuitegi (PB),6815
2505238,Cuité de Mamanguape (PB),6349
2505279,Curral de Cima (PB),5238
2505303,Curral Velho (PB),2520
2505352,Damião (PB),5296
2505402,Desterro (PB),8280
2505501,Vista Serrana (PB),3777
2505600,Diamante (PB),6570
2505709,Dona Inês (PB),10419
2505808,Duas Estradas (PB),3606
2505907,Emas (PB),3507
2506004,Esperança (PB),33031
2506103,Fagundes (PB),11345
2506202,Frei Martinho (PB),2988
2506251,Gado Bravo (PB),8443
2506301,Guarabira (PB),58529
2506400,Gurinhém (PB),14126
2506509,Gurjão (PB),3407
2506608,Ibiara (PB),5949
2506707,Imaculada (PB),11792
2506806,Ingá (PB),18105
2506905,Itabaiana (PB),24519
2507002,Itaporanga (PB),24674
2507101,Itapororoca (PB),18527
2507200,Itatuba (PB),10809
2507309,Jacaraú (PB),14348
2507408,Jericó (PB),7730
2507507,João Pessoa (PB),801718
2507606,Juarez Távora (PB),7901
2507705,Juazeirinho (PB),18061
2507804,Junco do Seridó (PB),7111
2507903,Juripiranga (PB),10721
2508000,Juru (PB),9880
2508109,Lagoa (PB),4676
2508208,Lagoa de Dentro (PB),7645
2508307,Lagoa Seca (PB),27398
2508406,Lastro (PB),2745
2508505,Livramento (PB),7371
2508554,Logradouro (PB),4299
2508604,Lucena (PB),12965
2508703,Mãe d'Água (PB),4017
2508802,Malta (PB),5668
2508901,Mamanguape (PB),44694
2509008,Manaíra (PB),11094
2509057,Marcação (PB),8475
2509107,Mari (PB),21806
2509156,Marizópolis (PB),6569
2509206,Massaranduba (PB),13755
2509305,Mataraca (PB),8345
2509339,Matinhas (PB),4517
2509370,Mato Grosso (PB),2892
2509396,Maturéia (PB),6516
2509404,Mogeiro (PB),13300
2509503,Montadas (PB),5611
2509602,Monte Horebe (PB),4793
2509701,Monteiro (PB),33039
2509800,Mulungu (PB),9882
2509909,Natuba (PB),10455
2510006,Nazarezinho (PB),7307
2510105,Nova Floresta (PB),10644
2510204,Nova Olinda (PB),5971
2510303,Nova Palmeira (PB),4849
2510402,Olho d'Água (PB),6578
2510501,Olivedos (PB),3916
2510600,Ouro Velho (PB),3033
2510659,Parari (PB),1782
2510709,Passagem (PB),2404
2510808,Patos (PB),107067
2510907,Paulista (PB),12263
2511004,Pedra Branca (PB),3800
2511103,Pedra Lavrada (PB),8053
2511202,Pedras de Fogo (PB),28395
2511301,Piancó (PB),16039
2511400,Picuí (PB),18704
2511509,Pilar (PB),11863
2511608,Pilões (PB),6667
2511707,Pilõezinhos (PB),5099
2511806,Pirpirituba (PB),10570
2511905,Pitimbu (PB),18938
2512002,Pocinhos (PB),18451
2512036,Poço Dantas (PB),3774
2512077,Poço de José de Moura (PB),4282
2512101,Pombal (PB),32739
2512200,Prata (PB),4145
2512309,Princesa Isabel (PB),23247
2512408,Puxinanã (PB),13638
2512507,Queimadas (PB),43945
2512606,Quixaba (PB),1933
2512705,Remígio (PB),19368
2512721,Pedro Régis (PB),6067
2512747,Riachão (PB),3570
2512754,Riachão do Bacamarte (PB),4503
2512762,Riachão do Poço (PB),4481
2512788,Riacho de Santo Antônio (PB),1955
2512804,Riacho dos Cavalos (PB),8587
2512903,Rio Tinto (PB),24090
2513000,Salgadinho (PB),3927
2513109,Salgado de São Félix (PB),12145
2513158,Santa Cecília (PB),6570
2513208,Santa Cruz (PB),6582
2513307,Santa Helena (PB),5902
2513356,Santa Inês (PB),3595
2513406,Santa Luzia (PB),15341
2513505,Santana de Mangueira (PB),5191
2513604,Santana dos Garrotes (PB),7067
2513653,Joca Claudino (PB),2685
2513703,Santa Rita (PB),135915
2513802,Santa Teresinha (PB),4582
2513851,Santo André (PB),2529
2513901,São Bento (PB),33847
2513927,São Bentinho (PB),4497
2513943,São Domingos do Cariri (PB),2582
2513968,São Domingos (PB),3091
2513984,São Francisco (PB),3369
2514008,São João do Cariri (PB),4309
2514107,São João do Tigre (PB),4427
2514206,São José da Lagoa Tapada (PB),7678
2514305,São José de Caiana (PB),6256
2514404,São José de Espinharas (PB),4659
2514453,São José dos Ramos (PB),5920
2514503,São José de Piranhas (PB),20062
2514552,São José de Princesa (PB),3897
2514602,São José do Bonfim (PB),3530
2514651,São José do Brejo do Cruz (PB),1793
2514701,São José do Sabugi (PB),4135
2514800,São José dos Cordeiros (PB),3720
2514909,São Mamede (PB),7738
2515005,São Miguel de Taipu (PB),7131
2515104,São Sebastião de Lagoa de Roça (PB),11762
2515203,São Sebastião do Umbuzeiro (PB),3469
2515302,Sapé (PB),52463
2515401,São Vicente do Seridó (PB),10994
2515500,Serra Branca (PB),13637
2515609,Serra da Raiz (PB),3137
2515708,Serra Grande (PB),3089
2515807,Serra Redonda (PB),7036
2515906,Serraria (PB),6123
2515930,Sertãozinho (PB),4969
2515971,Sobrado (PB),7754
2516003,Solânea (PB),26551
2516102,Soledade (PB),14853
2516151,Sossêgo (PB),3522
2516201,Sousa (PB),69196
2516300,Sumé (PB),16872
2516409,Tacima (PB),10896
2516508,Taperoá (PB),15193
2516607,Tavares (PB),14615
2516706,Teixeira (PB),15085
2516755,Tenório (PB),3039
2516805,Triunfo (PB),9465
2516904,Uiraúna (PB),15307
2517001,Umbuzeiro (PB),9901
2517100,Várzea (PB),2784
2517209,Vieirópolis (PB),5327
2517407,Zabelê (PB),2227
26,Pernambuco,9410336
2600054,Abreu e Lima (PE),98990
2600104,Afogados da Ingazeira (PE),36866
2600203,Afrânio (PE),19225
2600302,Agrestina (PE),24454
2600401,Água Preta (PE),36040
2600500,Águas Belas (PE),42831
2600609,Alagoinha (PE),14431
2600708,Aliança (PE),38261
2600807,Altinho (PE),22886
2600906,Amaraji (PE),22685
2601003,Angelim (PE),10965
2601052,Araçoiaba (PE),20046
2601102,Araripina (PE),83287
2601201,Arcoverde (PE),73154
2601300,Barra de Guabiraba (PE),14091
2601409,Barreiros (PE),42331
2601508,Belém de Maria (PE),11941
2601607,Belém do São Francisco (PE),20672
2601706,Belo Jardim (PE),75729
2601805,Betânia (PE),12589
2601904,Bezerros (PE),60469
2602001,Bodocó (PE),37571
2602100,Bom Conselho (PE),47991
2602209,Bom Jardim (PE),38976
2602308,Bonito (PE),38069
2602407,Brejão (PE),8980
2602506,Brejinho (PE),7464
2602605,Brejo da Madre de Deus (PE),49624
2602704,Buenos Aires (PE),13050
2602803,Buíque (PE),57120
2602902,Cabo de Santo Agostinho (PE),202636
2603009,Cabrobó (PE),33557
2603108,Cachoeirinha (PE),20082
2603207,Caetés (PE),28326
2603306,Calçado (PE),11094
2603405,Calumbi (PE),5741
2603454,Camaragibe (PE),155228
2603504,Camocim de São Félix (PE),18440
2603603,Camutanga (PE),8472
2603702,Canhotinho (PE),24799
2603801,Capoeiras (PE),19994
2603900,Carnaíba (PE),19380
2603926,Carnaubeira da Penha (PE),12706
2604007,Carpina (PE),81884
2604106,Caruaru (PE),351686
2604155,Casinhas (PE),14247
2604205,Catende (PE),41865
2604304,Cedro (PE),11607
2604403,Chã de Alegria (PE),13302
2604502,Chã Grande (PE),21402
2604601,Condado (PE),26008
2604700,Correntes (PE),18033
2604809,Cortês (PE),12581
2604908,Cumaru (PE),12332
2605004,Cupira (PE),23909
2605103,Custódia (PE),36474
2605152,Dormentes (PE),18510
2605202,Escada (PE),67839
2605301,Exu (PE),31858
2605400,Feira Nova (PE),21836
2605459,Fernando de Noronha (PE),2974
2605509,Ferreiros (PE),12008
2605608,Flores (PE),22577
2605707,Floresta (PE),32152
2605806,Frei Miguelinho (PE),15234
2605905,Gameleira (PE),30426
2606002,Garanhuns (PE),137810
2606101,Glória do Goitá (PE),30324
2606200,Goiana (PE),78940
2606309,Granito (PE),7363
2606408,Gravatá (PE),82579
2606507,Iati (PE),19056
2606606,Ibimirim (PE),28798
2606705,Ibirajuba (PE),7730
2606804,Igarassu (PE),113956
2606903,Iguaracy (PE),12156
2607000,Inajá (PE),22374
2607109,Ingazeira (PE),4549
2607208,Ipojuca (PE),92965
2607307,Ipubi (PE),30091
2607406,Itacuruba (PE),4807
2607505,Itaíba (PE),26362
2607604,Ilha de Itamaracá (PE),25346
2607653,Itambé (PE),36299
2607703,Itapetim (PE),13708
2607752,Itapissuma (PE),26073
2607802,Itaquitinga (PE),16806
2607901,Jaboatão dos Guararapes (PE),691125
2607950,Jaqueira (PE),11649
2608008,Jataúba (PE),16943
2608057,Jatobá (PE),14646
2608107,João Alfredo (PE),33217
2608206,Joaquim Nabuco (PE),16004
2608255,Jucati (PE),11269
2608305,Jupi (PE),14620
2608404,Jurema (PE),15229
2608453,Lagoa do Carro (PE),17654
2608503,Lagoa de Itaenga (PE),21308
2608602,Lagoa do Ouro (PE),12951
2608701,Lagoa dos Gatos (PE),16190
2608750,Lagoa Grande (PE),25030
2608800,Lajedo (PE),39570
2608909,Limoeiro (PE),56203
2609006,Macaparana (PE),25114
2609105,Machados (PE),15571
2609154,Manari (PE),20681
2609204,Maraial (PE),11570
2609303,Mirandiba (PE),15185
2609402,Moreno (PE),61577
2609501,Nazaré da Mata (PE),32174
2609600,Olinda (PE),390144
2609709,Orobó (PE),23717
2609808,Orocó (PE),14623
2609907,Ouricuri (PE),68236
2610004,Palmares (PE),62571
2610103,Palmeirina (PE),7864
2610202,Panelas (PE),26440
2610301,Paranatama (PE),11403
2610400,Parnamirim (PE),21290
2610509,Passira (PE),28935
2610608,Paudalho (PE),55493
2610707,Paulista (PE),325590
2610806,Pedra (PE),22455
2610905,Pesqueira (PE),66524
2611002,Petrolândia (PE),35731
2611101,Petrolina (PE),337683
2611200,Poção (PE),11266
2611309,Pombos (PE),26902
2611408,Primavera (PE),14657
2611507,Quipapá (PE),25686
2611533,Quixaba (PE),6812
2611606,Recife (PE),1625583
2611705,Riacho das Almas (PE),20286
2611804,Ribeirão (PE),46877
2611903,Rio Formoso (PE),23282
2612000,Sairé (PE),10247
2612109,Salgadinho (PE),10588
2612208,Salgueiro (PE),60117
2612307,Saloá (PE),15761
2612406,Sanharó (PE),25521
2612455,Santa Cruz (PE),15032
2612471,Santa Cruz da Baixa Verde (PE),12439
2612505,Santa Cruz do Capibaribe (PE),103660
2612554,Santa Filomena (PE),14265
2612604,Santa Maria da Boa Vista (PE),41475
2612703,Santa Maria do Cambucá (PE),13921
2612802,Santa Terezinha (PE),11682
2612901,São Benedito do Sul (PE),15497
2613008,São Bento do Una (PE),58251
2613107,São Caitano (PE),36895
2613206,São João (PE),22518
2613305,São Joaquim do Monte (PE),21215
2613404,São José da Coroa Grande (PE),20654
2613503,São José do Belmonte (PE),33742
2613602,São José do Egito (PE),33537
2613701,São Lourenço da Mata (PE),111197
2613800,São Vicente Férrer (PE),17834
2613909,Serra Talhada (PE),84970
2614006,Serrita (PE),19049
2614105,Sertânia (PE),35521
2614204,Sirinhaém (PE),44734
2614303,Moreilândia (PE),11240
2614402,Solidão (PE),5964
2614501,Surubim (PE),63780
2614600,Tabira (PE),28132
2614709,Tacaimbó (PE),12872
2614808,Tacaratu (PE),25003
2614857,Tamandaré (PE),22850
2615003,Taquaritinga do Norte (PE),27981
2615102,Terezinha (PE),7089
2615201,Terra Nova (PE),10313
2615300,Timbaúba (PE),53328
2615409,Toritama (PE),43174
2615508,Tracunhaém (PE),13643
2615607,Trindade (PE),29842
2615706,Triunfo (PE),15235
2615805,Tupanatinga (PE),26727
2615904,Tuparetama (PE),8159
2616001,Venturosa (PE),18067
2616100,Verdejante (PE),9471
2616183,Vertente do Lério (PE),7693
2616209,Vertentes (PE),20222
2616308,Vicência (PE),32296
2616407,Vitória de Santo Antão (PE),136706
2616506,Xexéu (PE),14618
27,Alagoas,3358963
2700102,Água Branca (AL),20422
2700201,Anadia (AL),17832
2700300,Arapiraca (AL),232671
2700409,Atalaia (AL),47528
2700508,Barra de Santo Antônio (AL),15909
2700607,Barra de São Miguel (AL),8336
2700706,Batalha (AL),18631
2700805,Belém (AL),4517
2700904,Belo Monte (AL),6786
2701001,Boca da Mata (AL),27498
2701100,Branquinha (AL),10709
2701209,Cacimbinhas (AL),10859
2701308,Cajueiro (AL),21443
2701357,Campestre (AL),7002
2701407,Campo Alegre (AL),57008
2701506,Campo Grande (AL),9678
2701605,Canapi (AL),17980
2701704,Capela (AL),17428
2701803,Carneiros (AL),9065
2701902,Chã Preta (AL),7424
2702009,Coité do Nóia (AL),10939
2702108,Colônia Leopoldina (AL),21786
2702207,Coqueiro Seco (AL),5895
2702306,Coruripe (AL),57079
2702355,Craíbas (AL),24403
2702405,Delmiro Gouveia (AL),52306
2702504,Dois Riachos (AL),11219
2702553,Estrela de Alagoas (AL),18373
2702603,Feira Grande (AL),22458
2702702,Feliz Deserto (AL),4777
2702801,Flexeiras (AL),12943
2702900,Girau do Ponciano (AL),40912
2703007,Ibateguara (AL),15822
2703106,Igaci (AL),26031
2703205,Igreja Nova (AL),24687
2703304,Inhapi (AL),18637
2703403,Jacaré dos Homens (AL),5391
2703502,Jacuípe (AL),7148
2703601,Japaratinga (AL),8403
2703700,Jaramataia (AL),5685
2703759,Jequiá da Praia (AL),11824
2703809,Joaquim Gomes (AL),24174
2703908,Jundiá (AL),4249
2704005,Junqueiro (AL),25088
2704104,Lagoa da Canoa (AL),18256
2704203,Limoeiro de Anadia (AL),28793
2704302,Maceió (AL),1021709
2704401,Major Isidoro (AL),20126
2704500,Maragogi (AL),32568
2704609,Maravilha (AL),9588
2704708,Marechal Deodoro (AL),51715
2704807,Maribondo (AL),13587
2704906,Mar Vermelho (AL),3600
2705002,Mata Grande (AL),25589
2705101,Matriz de Camaragibe (AL),25010
2705200,Messias (AL),17789
2705309,Minador do Negrão (AL),5419
2705408,Monteirópolis (AL),7251
2705507,Murici (AL),28462
2705606,Novo Lino (AL),12735
2705705,Olho d'Água das Flores (AL),21706
2705804,Olho d'Água do Casado (AL),9381
2705903,Olho d'Água Grande (AL),5187
2706000,Olivença (AL),11731
2706109,Ouro Branco (AL),11589
2706208,Palestina (AL),5036
2706307,Palmeira dos Índios (AL),74049
2706406,Pão de Açúcar (AL),24834
2706422,Pariconha (AL),10674
2706448,Paripueira (AL),13076
2706505,Passo de Camaragibe (AL),15441
2706604,Paulo Jacinto (AL),7680
2706703,Penedo (AL),64292
2706802,Piaçabuçu (AL),18043
2706901,Pilar (AL),35428
2707008,Pindoba (AL),2954
2707107,Piranhas (AL),25130
2707206,Poço das Trincheiras (AL),14535
2707305,Porto Calvo (AL),27398
2707404,Porto de Pedras (AL),8055
2707503,Porto Real do Colégio (AL),20268
2707602,Quebrangulo (AL),11542
2707701,Rio Largo (AL),75688
2707800,Roteiro (AL),6788
2707909,Santa Luzia do Norte (AL),7357
2708006,Santana do Ipanema (AL),48033
2708105,Santana do Mundaú (AL),10952
2708204,São Brás (AL),7046
2708303,São José da Laje (AL),24140
2708402,São José da Tapera (AL),32455
2708501,São Luís do Quitunde (AL),34798
2708600,São Miguel dos Campos (AL),61204
2708709,São Miguel dos Milagres (AL),7951
2708808,São Sebastião (AL),34387
2708907,Satuba (AL),13824
2708956,Senador Rui Palmeira (AL),13974
2709004,Tanque d'Arca (AL),6293
2709103,Taquarana (AL),20097
2709152,Teotônio Vilela (AL),44426
2709202,Traipu (AL),27938
2709301,União dos Palmares (AL),66255
2709400,Viçosa (AL),26176
28,Sergipe,2265779
2800100,Amparo do São Francisco (SE),2382
2800209,Aquidabã (SE),21452
2800308,Aracaju (SE),641523
2800407,Arauá (SE),10467
2800506,Areia Branca (SE),18329
2800605,Barra dos Coqueiros (SE),29248
2800670,Boquim (SE),26856
2800704,Brejo Grande (SE),8271
2801009,Campo do Brito (SE),17986
2801108,Canhoba (SE),4057
2801207,Canindé de São Francisco (SE),28832
2801306,Capela (SE),33715
2801405,Carira (SE),21665
2801504,Carmópolis (SE),15952
2801603,Cedro de São João (SE),5912
2801702,Cristinápolis (SE),18092
2801900,Cumbe (SE),3999
2802007,Divina Pastora (SE),4975
2802106,Estância (SE),68846
2802205,Feira Nova (SE),5595
2802304,Frei Paulo (SE),15200
2802403,Gararu (SE),11730
2802502,General Maynard (SE),3274
2802601,Graccho Cardoso (SE),5859
2802700,Ilha das Flores (SE),8604
2802809,Indiaroba (SE),17600
2802908,Itabaiana (SE),94393
2803005,Itabaianinha (SE),41686
2803104,Itabi (SE),5002
2803203,Itaporanga d'Ajuda (SE),33713
2803302,Japaratuba (SE),18474
2803401,Japoatã (SE),13242
2803500,Lagarto (SE),103188
2803609,Laranjeiras (SE),29418
2803708,Macambira (SE),6873
2803807,Malhada dos Bois (SE),3673
2803906,Malhador (SE),12645
2804003,Maruim (SE),17225
2804102,Moita Bonita (SE),11416
2804201,Monte Alegre de Sergipe (SE),15017
2804300,Muribeca (SE),7662
2804409,Neópolis (SE),18956
2804458,Nossa Senhora Aparecida (SE),8850
2804508,Nossa Senhora da Glória (SE),36174
2804607,Nossa Senhora das Dores (SE),26434
2804706,Nossa Senhora de Lourdes (SE),6512
2804805,Nossa Senhora do Socorro (SE),179661
2804904,Pacatuba (SE),14293
2805000,Pedra Mole (SE),3227
2805109,Pedrinhas (SE),9523
2805208,Pinhão (SE),6499
2805307,Pirambu (SE),9153
2805406,Poço Redondo (SE),34147
2805505,Poço Verde (SE),23580
2805604,Porto da Folha (SE),28615
2805703,Propriá (SE),29745
2805802,Riachão do Dantas (SE),19995
2805901,Riachuelo (SE),10116
2806008,Ribeirópolis (SE),18503
2806107,Rosário do Catete (SE),10533
2806206,Salgado (SE),20126
2806305,Santa Luzia do Itanhy (SE),13936
2806404,Santana do São Francisco (SE),7680
2806503,Santa Rosa de Lima (SE),3926
2806602,Santo Amaro das Brotas (SE),12086
2806701,São Cristóvão (SE),88118
2806800,São Domingos (SE),11053
2806909,São Francisco (SE),3916
2807006,São Miguel do Aleixo (SE),3923
2807105,Simão Dias (SE),40684
2807204,Siriri (SE),8765
2807303,Telha (SE),3196
2807402,Tobias Barreto (SE),51770
2807501,Tomar do Geru (SE),13204
2807600,Umbaúba (SE),24832
29,Bahia,15276566
2900108,Abaíra (BA),9212
2900207,Abaré (BA),19939
2900306,Acajutiba (BA),15764
2900355,Adustina (BA),17254
2900405,Água Fria (BA),17431
2900504,Érico Cardoso (BA),11405
2900603,Aiquara (BA),4745
2900702,Alagoinhas (BA),155362
2900801,Alcobaça (BA),23331
2900900,Almadina (BA),6062
2901007,Amargosa (BA),38041
2901106,Amélia Rodrigues (BA),26424
2901155,América Dourada (BA),16781
2901205,Anagé (BA),19824
2901304,Andaraí (BA),13732
2901353,Andorinha (BA),15551
2901403,Angical (BA),14707
2901502,Anguera (BA),11402
2901601,Antas (BA),19382
2901700,Antônio Cardoso (BA),12200
2901809,Antônio Gonçalves (BA),11989
2901908,Aporá (BA),19223
2901957,Apuarema (BA),7745
2902005,Aracatu (BA),14023
2902054,Araçás (BA),12495
2902104,Araci (BA),55637
2902203,Aramari (BA),11385
2902252,Arataca (BA),11697
2902302,Aratuípe (BA),9150
2902401,Aurelino Leal (BA),12891
2902500,Baianópolis (BA),14262
2902609,Baixa Grande (BA),21393
2902658,Banzaê (BA),13738
2902708,Barra (BA),54563
2902807,Barra da Estiva (BA),22232
2902906,Barra do Choça (BA),34421
2903003,Barra do Mendes (BA),14570
2903102,Barra do Rocha (BA),6338
2903201,Barreiras (BA),155519
2903235,Barro Alto (BA),15093
2903276,Barrocas (BA),16167
2903300,Barro Preto (BA),6367
2903409,Belmonte (BA),23891
2903508,Belo Campo (BA),18312
2903607,Biritinga (BA),16628
2903706,Boa Nova (BA),14314
2903805,Boa Vista do Tupim (BA),19516
2903904,Bom Jesus da Lapa (BA),70090
2903953,Bom Jesus da Serra (BA),10515
2904001,Boninal (BA),14675
2904050,Bonito (BA),17006
2904100,Boquira (BA),22448
2904209,Botuporã (BA),10957
2904308,Brejões (BA),15166
2904407,Brejolândia (BA),10768
2904506,Brotas de Macaúbas (BA),11049
2904605,Brumado (BA),69473
2904704,Buerarema (BA),19269
2904753,Buritirama (BA),21671
2904803,Caatiba (BA),10044
2904852,Cabaceiras do Paraguaçu (BA),19199
2904902,Cachoeira (BA),35013
2905008,Caculé (BA),23685
2905107,Caém (BA),10179
2905156,Caetanos (BA),16045
2905206,Caetité (BA),52696
2905305,Cafarnaum (BA),18917
2905404,Cairu (BA),17985
2905503,Caldeirão Grande (BA),13643
2905602,Camacan (BA),33257
2905701,Camaçari (BA),292074
2905800,Camamu (BA),36543
2905909,Campo Alegre de Lourdes (BA),29994
2906006,Campo Formoso (BA),73118
2906105,Canápolis (BA),10146
2906204,Canarana (BA),26702
2906303,Canavieiras (BA),33130
2906402,Candeal (BA),8894
2906501,Candeias (BA),89271
2906600,Candiba (BA),14732
2906709,Cândido Sales (BA),26760
2906808,Cansanção (BA),36105
2906824,Canudos (BA),17222
2906857,Capela do Alto Alegre (BA),12203
2906873,Capim Grosso (BA),31181
2906899,Caraíbas (BA),9890
2906907,Caravelas (BA),22646
2907004,Cardeal da Silva (BA),9809
2907103,Carinhanha (BA),30041
2907202,Casa Nova (BA),72798
2907301,Castro Alves (BA),27161
2907400,Catolândia (BA),3695
2907509,Catu (BA),56037
2907558,Caturama (BA),9764
2907608,Central (BA),17935
2907707,Chorrochó (BA),11558
2907806,Cícero Dantas (BA),34581
2907905,Cipó (BA),17673
2908002,Coaraci (BA),19383
2908101,Cocos (BA),19449
2908200,Conceição da Feira (BA),22840
2908309,Conceição do Almeida (BA),18278
2908408,Conceição do Coité (BA),67875
2908507,Conceição do Jacuípe (BA),33624
2908606,Conde (BA),26412
2908705,Condeúba (BA),18229
2908804,Contendas do Sincorá (BA),4312
2908903,Coração de Maria (BA),23961
2909000,Cordeiros (BA),8870
2909109,Coribe (BA),14954
2909208,Coronel João Sá (BA),16951
2909307,Correntina (BA),33275
2909406,Cotegipe (BA),14409
2909505,Cravolândia (BA),5568
2909604,Crisópolis (BA),21700
2909703,Cristópolis (BA),14354
2909802,Cruz das Almas (BA),64552
2909901,Curaçá (BA),35320
2910008,Dário Meira (BA),11864
2910057,Dias d'Ávila (BA),79401
2910107,Dom Basílio (BA),12553
2910206,Dom Macedo Costa (BA),4201
2910305,Elísio Medrado (BA),8448
2910404,Encruzilhada (BA),19837
2910503,Entre Rios (BA),43172
2910602,Esplanada (BA),37085
2910701,Euclides da Cunha (BA),61618
2910727,Eunápolis (BA),114275
2910750,Fátima (BA),18461
2910776,Feira da Mata (BA),5918
2910800,Feira de Santana (BA),622639
2910859,Filadélfia (BA),17184
2910909,Firmino Alves (BA),5804
2911006,Floresta Azul (BA),11279
2911105,Formosa do Rio Preto (BA),25652
2911204,Gandu (BA),33030
2911253,Gavião (BA),4740
2911303,Gentio do Ouro (BA),11603
2911402,Glória (BA),15810
2911501,Gongogi (BA),7961
2911600,Governador Mangabeira (BA),21435
2911659,Guajeru (BA),8322
2911709,Guanambi (BA),86320
2911808,Guaratinga (BA),22251
2911857,Heliópolis (BA),13739
2911907,Iaçu (BA),26012
2912004,Ibiassucê (BA),10337
2912103,Ibicaraí (BA),23770
2912202,Ibicoara (BA),19578
2912301,Ibicuí (BA),16748
2912400,Ibipeba (BA),18563
2912509,Ibipitanga (BA),15356
2912608,Ibiquera (BA),4207
2912707,Ibirapitanga (BA),24238
2912806,Ibirapuã (BA),8796
2912905,Ibirataia (BA),17573
2913002,Ibitiara (BA),16779
2913101,Ibititá (BA),17957
2913200,Ibotirama (BA),27762
2913309,Ichu (BA),6418
2913408,Igaporã (BA),16255
2913457,Igrapiúna (BA),14288
2913507,Iguaí (BA),27865
2913606,Ilhéus (BA),178210
2913705,Inhambupe (BA),40908
2913804,Ipecaetá (BA),15596
2913903,Ipiaú (BA),47606
2914000,Ipirá (BA),62697
2914109,Ipupiara (BA),10107
2914208,Irajuba (BA),7497
2914307,Iramaia (BA),10184
2914406,Iraquara (BA),25279
2914505,Irará (BA),29723
2914604,Irecê (BA),73915
2914653,Itabela (BA),31244
2914703,Itaberaba (BA),66592
2914802,Itabuna (BA),220386
2914901,Itacaré (BA),28013
2915007,Itaeté (BA),16519
2915106,Itagi (BA),13276
2915205,Itagibá (BA),15669
2915304,Itagimirim (BA),7319
2915353,Itaguaçu da Bahia (BA),14604
2915403,Itaju do Colônia (BA),7284
2915502,Itajuípe (BA),21697
2915601,Itamaraju (BA),67305
2915700,Itamari (BA),8495
2915809,Itambé (BA),23147
2915908,Itanagra (BA),8038
2916005,Itanhém (BA),20554
2916104,Itaparica (BA),22744
2916203,Itapé (BA),10022
2916302,Itapebi (BA),10856
2916401,Itapetinga (BA),76881
2916500,Itapicuru (BA),36320
2916609,Itapitanga (BA),10799
2916708,Itaquara (BA),8557
2916807,Itarantim (BA),20206
2916856,Itatim (BA),14895
2916906,Itiruçu (BA),13280
2917003,Itiúba (BA),37500
2917102,Itororó (BA),21210
2917201,Ituaçu (BA),19494
2917300,Ituberá (BA),29273
2917334,Iuiu (BA),11366
2917359,Jaborandi (BA),9138
2917409,Jacaraci (BA),15435
2917508,Jacobina (BA),83435
2917607,Jaguaquara (BA),55751
2917706,Jaguarari (BA),34304
2917805,Jaguaripe (BA),18849
2917904,Jandaíra (BA),11092
2918001,Jequié (BA),161880
2918100,Jeremoabo (BA),41387
2918209,Jiquiriçá (BA),15071
2918308,Jitaúna (BA),12985
2918357,João Dourado (BA),25431
2918407,Juazeiro (BA),220253
2918456,Jucuruçu (BA),10032
2918506,Jussara (BA),16006
2918555,Jussari (BA),6324
2918605,Jussiape (BA),7239
2918704,Lafaiete Coutinho (BA),3996
2918753,Lagoa Real (BA),15920
2918803,Laje (BA),24112
2918902,Lajedão (BA),4046
2919009,Lajedinho (BA),4032
2919058,Lajedo do Tabocal (BA),8862
2919108,Lamarão (BA),9099
2919157,Lapão (BA),28166
2919207,Lauro de Freitas (BA),194641
2919306,Lençóis (BA),11544
2919405,Licínio de Almeida (BA),12967
2919504,Livramento de Nossa Senhora (BA),46399
2919553,Luís Eduardo Magalhães (BA),81730
2919603,Macajuba (BA),11878
2919702,Macarani (BA),18954
2919801,Macaúbas (BA),50637
2919900,Macururé (BA),8288
2919926,Madre de Deus (BA),20689
2919959,Maetinga (BA),4796
2920007,Maiquinique (BA),10183
2920106,Mairi (BA),19736
2920205,Malhada (BA),17491
2920304,Malhada de Pedras (BA),8875
2920403,Manoel Vitorino (BA),14364
2920452,Mansidão (BA),13864
2920502,Maracás (BA),23373
2920601,Maragogipe (BA),46106
2920700,Maraú (BA),21246
2920809,Marcionílio Souza (BA),10941
2920908,Mascote (BA),14800
2921005,Mata de São João (BA),46392
2921054,Matina (BA),12404
2921104,Medeiros Neto (BA),23535
2921203,Miguel Calmon (BA),27600
2921302,Milagres (BA),11621
2921401,Mirangaba (BA),18588
2921450,Mirante (BA),9735
2921500,Monte Santo (BA),52015
2921609,Morpará (BA),8958
2921708,Morro do Chapéu (BA),36789
2921807,Mortugaba (BA),12505
2921906,Mucugê (BA),10096
2922003,Mucuri (BA),41587
2922052,Mulungu do Morro (BA),12159
2922102,Mundo Novo (BA),27165
2922201,Muniz Ferreira (BA),7650
2922250,Muquém do São Francisco (BA),11571
2922300,Muritiba (BA),30585
2922409,Mutuípe (BA),22917
2922508,Nazaré (BA),29450
2922607,Nilo Peçanha (BA),14279
2922656,Nordestina (BA),13552
2922706,Nova Canaã (BA),17113
2922730,Nova Fátima (BA),8101
2922755,Nova Ibiá (BA),7010
2922805,Nova Itarana (BA),8372
2922854,Nova Redenção (BA),9485
2922904,Nova Soure (BA),25931
2923001,Nova Viçosa (BA),43648
2923035,Novo Horizonte (BA),12381
2923050,Novo Triunfo (BA),16016
2923100,Olindina (BA),26907
2923209,Oliveira dos Brejinhos (BA),22789
2923308,Ouriçangas (BA),8895
2923357,Ourolândia (BA),17954
2923407,Palmas de Monte Alto (BA),22487
2923506,Palmeiras (BA),9191
2923605,Paramirim (BA),22184
2923704,Paratinga (BA),32807
2923803,Paripiranga (BA),29980
2923902,Pau Brasil (BA),10784
2924009,Paulo Afonso (BA),119930
2924058,Pé de Serra (BA),14229
2924108,Pedrão (BA),7486
2924207,Pedro Alexandre (BA),18173
2924306,Piatã (BA),18366
2924405,Pilão Arcado (BA),35590
2924504,Pindaí (BA),16849
2924603,Pindobaçu (BA),21191
2924652,Pintadas (BA),11036
2924678,Piraí do Norte (BA),10386
2924702,Piripá (BA),12035
2924801,Piritiba (BA),25002
2924900,Planaltino (BA),9529
2925006,Planalto (BA),26743
2925105,Poções (BA),48798
2925204,Pojuca (BA),37993
2925253,Ponto Novo (BA),15892
2925303,Porto Seguro (BA),147444
2925402,Potiraguá (BA),8694
2925501,Prado (BA),29273
2925600,Presidente Dutra (BA),15699
2925709,Presidente Jânio Quadros (BA),13456
2925758,Presidente Tancredo Neves (BA),27803
2925808,Queimadas (BA),26525
2925907,Quijingue (BA),28556
2925931,Quixabeira (BA),9414
2925956,Rafael Jambeiro (BA),23525
2926004,Remanso (BA),42481
2926103,Retirolândia (BA),14627
2926202,Riachão das Neves (BA),23290
2926301,Riachão do Jacuípe (BA),34715
2926400,Riacho de Santana (BA),36246
2926509,Ribeira do Amparo (BA),15308
2926608,Ribeira do Pombal (BA),54773
2926657,Ribeirão do Largo (BA),7835
2926707,Rio de Contas (BA),13581
2926806,Rio do Antônio (BA),15720
2926905,Rio do Pires (BA),12109
2927002,Rio Real (BA),41085
2927101,Rodelas (BA),9297
2927200,Ruy Barbosa (BA),31933
2927309,Salinas da Margarida (BA),15585
2927408,Salvador (BA),2938092
2927507,Santa Bárbara (BA),21310
2927606,Santa Brígida (BA),15091
2927705,Santa Cruz Cabrália (BA),28394
2927804,Santa Cruz da Vitória (BA),6723
2927903,Santa Inês (BA),11169
2928000,Santaluz (BA),38219
2928059,Santa Luzia (BA),13508
2928109,Santa Maria da Vitória (BA),41782
2928208,Santana (BA),27381
2928307,Santanópolis (BA),9232
2928406,Santa Rita de Cássia (BA),28988
2928505,Santa Terezinha (BA),10619
2928604,Santo Amaro (BA),61836
2928703,Santo Antônio de Jesus (BA),102469
2928802,Santo Estêvão (BA),53473
2928901,São Desidério (BA),33168
2928950,São Domingos (BA),9381
2929008,São Félix (BA),15272
2929057,São Félix do Coribe (BA),15738
2929107,São Felipe (BA),21935
2929206,São Francisco do Conde (BA),39790
2929255,São Gabriel (BA),19594
2929305,São Gonçalo dos Campos (BA),37634
2929354,São José da Vitória (BA),6081
2929370,São José do Jacuípe (BA),10735
2929404,São Miguel das Matas (BA),12051
2929503,São Sebastião do Passé (BA),45660
2929602,Sapeaçu (BA),18083
2929701,Sátiro Dias (BA),20376
2929750,Saubara (BA),12311
2929800,Saúde (BA),13343
2929909,Seabra (BA),45395
2930006,Sebastião Laranjeiras (BA),11615
2930105,Senhor do Bonfim (BA),80769
2930154,Serra do Ramalho (BA),33000
2930204,Sento Sé (BA),41576
2930303,Serra Dourada (BA),18352
2930402,Serra Preta (BA),16171
2930501,Serrinha (BA),82621
2930600,Serrolândia (BA),13774
2930709,Simões Filho (BA),134674
2930758,Sítio do Mato (BA),13381
2930766,Sítio do Quinto (BA),11517
2930774,Sobradinho (BA),23650
2930808,Souto Soares (BA),17419
2930907,Tabocas do Brejo Velho (BA),13043
2931004,Tanhaçu (BA),21299
2931053,Tanque Novo (BA),17797
2931103,Tanquinho (BA),8214
2931202,Taperoá (BA),21282
2931301,Tapiramutá (BA),17855
2931350,Teixeira de Freitas (BA),159813
2931400,Teodoro Sampaio (BA),7984
2931509,Teofilândia (BA),23319
2931608,Teolândia (BA),15269
2931707,Terra Nova (BA),13527
2931806,Tremedal (BA),17854
2931905,Tucano (BA),52381
2932002,Uauá (BA),25853
2932101,Ubaíra (BA),20793
2932200,Ubaitaba (BA),20646
2932309,Ubatã (BA),27297
2932408,Uibaí (BA),14454
2932457,Umburanas (BA),19343
2932507,Una (BA),21706
2932606,Urandi (BA),17329
2932705,Uruçuca (BA),21778
2932804,Utinga (BA),19688
2932903,Valença (BA),98053
2933000,Valente (BA),28426
2933059,Várzea da Roça (BA),14632
2933109,Várzea do Poço (BA),9404
2933158,Várzea Nova (BA),13500
2933174,Varzedo (BA),9409
2933208,Vera Cruz (BA),43162
2933257,Vereda (BA),6657
2933307,Vitória da Conquista (BA),346069
2933406,Wagner (BA),9743
2933455,Wanderley (BA),12971
2933505,Wenceslau Guimarães (BA),22445
2933604,Xique-Xique (BA),48274
31,Minas Gerais,20997560
3100104,Abadia dos Dourados (MG),7037
3100203,Abaeté (MG),23574
3100302,Abre Campo (MG),13726
3100401,Acaiaca (MG),4061
3100500,Açucena (MG),10066
3100609,Água Boa (MG),14524
3100708,Água Comprida (MG),2061
3100807,Aguanil (MG),4406
3100906,Águas Formosas (MG),19363
3101003,Águas Vermelhas (MG),13513
3101102,Aimorés (MG),25703
3101201,Aiuruoca (MG),6224
3101300,Alagoa (MG),2756
3101409,Albertina (MG),3040
3101508,Além Paraíba (MG),35795
3101607,Alfenas (MG),79222
3101631,Alfredo Vasconcelos (MG),6709
3101706,Almenara (MG),41552
3101805,Alpercata (MG),7497
3101904,Alpinópolis (MG),19741
3102001,Alterosa (MG),14494
3102050,Alto Caparaó (MG),5748
3102100,Alto Rio Doce (MG),11792
3102209,Alvarenga (MG),4245
3102308,Alvinópolis (MG),15609
3102407,Alvorada de Minas (MG),3669
3102506,Amparo do Serra (MG),4947
3102605,Andradas (MG),40407
3102704,Cachoeira de Pajeú (MG),9445
3102803,Andrelândia (MG),12507
3102852,Angelândia (MG),8502
3102902,Antônio Carlos (MG),11584
3103009,Antônio Dias (MG),9660
3103108,Antônio Prado de Minas (MG),1670
3103207,Araçaí (MG),2361
3103306,Aracitaba (MG),2112
3103405,Araçuaí (MG),37317
3103504,Araguari (MG),116871
3103603,Arantina (MG),2877
3103702,Araponga (MG),8523
3103751,Araporã (MG),6717
3103801,Arapuá (MG),2879
3103900,Araújos (MG),8885
3104007,Araxá (MG),103287
3104106,Arceburgo (MG),10478
3104205,Arcos (MG),39537
3104304,Areado (MG),14851
3104403,Argirita (MG),2874
3104452,Aricanduva (MG),5156
3104502,Arinos (MG),18232
3104601,Astolfo Dutra (MG),14030
3104700,Ataléia (MG),13897
3104809,Augusto de Lima (MG),5032
3104908,Baependi (MG),19252
3105004,Baldim (MG),8061
3105103,Bambuí (MG),23936
3105202,Bandeira (MG),5001
3105301,Bandeira do Sul (MG),5708
3105400,Barão de Cocais (MG),31628
3105509,Barão do Monte Alto (MG),5676
3105608,Barbacena (MG),135829
3105707,Barra Longa (MG),5710
3105905,Barroso (MG),20790
3106002,Bela Vista de Minas (MG),10399
3106101,Belmiro Braga (MG),3502
3106200,Belo Horizonte (MG),2513451
3106309,Belo Oriente (MG),25895
3106408,Belo Vale (MG),7829
3106507,Berilo (MG),12394
3106606,Bertópolis (MG),4671
3106655,Berizal (MG),4691
3106705,Betim (MG),422354
3106804,Bias Fortes (MG),3648
3106903,Bicas (MG),14481
3107000,Biquinhas (MG),2630
3107109,Boa Esperança (MG),40412
3107208,Bocaina de Minas (MG),5180
3107307,Bocaiúva (MG),49891
3107406,Bom Despacho (MG),49650
3107505,Bom Jardim de Minas (MG),6648
3107604,Bom Jesus da Penha (MG),4177
3107703,Bom Jesus do Amparo (MG),5972
3107802,Bom Jesus do Galho (MG),15500
3107901,Bom Repouso (MG),10771
3108008,Bom Sucesso (MG),17883
3108107,Bonfim (MG),7018
3108206,Bonfinópolis de Minas (MG),5797
3108255,Bonito de Minas (MG),10797
3108305,Borda da Mata (MG),18873
3108404,Botelhos (MG),15323
3108503,Botumirim (MG),6557
3108552,Brasilândia de Minas (MG),15921
3108602,Brasília de Minas (MG),32650
3108701,Brás Pires (MG),4577
3108800,Braúnas (MG),5024
3108909,Brazópolis (MG),14911
3109006,Brumadinho (MG),38373
3109105,Bueno Brandão (MG),11228
3109204,Buenópolis (MG),10592
3109253,Bugre (MG),4140
3109303,Buritis (MG),24524
3109402,Buritizeiro (MG),28251
3109451,Cabeceira Grande (MG),6901
3109501,Cabo Verde (MG),14314
3109600,Cachoeira da Prata (MG),3716
3109709,Cachoeira de Minas (MG),11607
3109808,Cachoeira Dourada (MG),2676
3109907,Caetanópolis (MG),11287
3110004,Caeté (MG),44066
3110103,Caiana (MG),5398
3110202,Cajuri (MG),4114
3110301,Caldas (MG),14464
3110400,Camacho (MG),3086
3110509,Camanducaia (MG),22007
3110608,Cambuí (MG),28924
3110707,Cambuquira (MG),13040
3110806,Campanário (MG),3745
3110905,Campanha (MG),16532
3111002,Campestre (MG),21417
3111101,Campina Verde (MG),20052
3111150,Campo Azul (MG),3853
3111200,Campo Belo (MG),54272
3111309,Campo do Meio (MG),11867
3111408,Campo Florido (MG),7783
3111507,Campos Altos (MG),15289
3111606,Campos Gerais (MG),28970
3111705,Canaã (MG),4706
3111804,Canápolis (MG),12062
3111903,Cana Verde (MG),5736
3112000,Candeias (MG),15128
3112059,Cantagalo (MG),4491
3112109,Caparaó (MG),5472
3112208,Capela Nova (MG),4815
3112307,Capelinha (MG),37606
3112406,Capetinga (MG),7168
3112505,Capim Branco (MG),9609
3112604,Capinópolis (MG),16183
3112653,Capitão Andrade (MG),5362
3112703,Capitão Enéas (MG),15157
3112802,Capitólio (MG),8648
3112901,Caputira (MG),9412
3113008,Caraí (MG),23679
3113107,Caranaíba (MG),3309
3113206,Carandaí (MG),25214
3113305,Carangola (MG),33513
3113404,Caratinga (MG),91342
3113503,Carbonita (MG),9526
3113602,Careaçu (MG),6721
3113701,Carlos Chagas (MG),19857
3113800,Carmésia (MG),2615
3113909,Carmo da Cachoeira (MG),12326
3114006,Carmo da Mata (MG),11518
3114105,Carmo de Minas (MG),14736
3114204,Carmo do Cajuru (MG),21941
3114303,Carmo do Paranaíba (MG),30823
3114402,Carmo do Rio Claro (MG),21400
3114501,Carmópolis de Minas (MG),18812
3114550,Carneirinho (MG),10030
3114600,Carrancas (MG),4103
3114709,Carvalhópolis (MG),3563
3114808,Carvalhos (MG),4625
3114907,Casa Grande (MG),2309
3115003,Cascalho Rico (MG),3055
3115102,Cássia (MG),18036
3115201,Conceição da Barra de Minas (MG),4052
3115300,Cataguases (MG),74609
3115359,Catas Altas (MG),5274
3115409,Catas Altas da Noruega (MG),3652
3115458,Catuji (MG),6646
3115474,Catuti (MG),5163
3115508,Caxambu (MG),22219
3115607,Cedro do Abaeté (MG),1213
3115706,Central de Minas (MG),7092
3115805,Centralina (MG),10613
3115904,Chácara (MG),3072
3116001,Chalé (MG),5820
3116100,Chapada do Norte (MG),15666
3116159,Chapada Gaúcha (MG),12739
3116209,Chiador (MG),2798
3116308,Cipotânea (MG),6850
3116407,Claraval (MG),4824
3116506,Claro dos Poções (MG),7840
3116605,Cláudio (MG),28063
3116704,Coimbra (MG),7520
3116803,Coluna (MG),9162
3116902,Comendador Gomes (MG),3127
3117009,Comercinho (MG),7714
3117108,Conceição da Aparecida (MG),10339
3117207,Conceição das Pedras (MG),2854
3117306,Conceição das Alagoas (MG),26428
3117405,Conceição de Ipanema (MG),4636
3117504,Conceição do Mato Dentro (MG),18160
3117603,Conceição do Pará (MG),5488
3117702,Conceição do Rio Verde (MG),13672
3117801,Conceição dos Ouros (MG),11367
3117836,Cônego Marinho (MG),7611
3117876,Confins (MG),6545
3117900,Congonhal (MG),11588
3118007,Congonhas (MG),53348
3118106,Congonhas do Norte (MG),5128
3118205,Conquista (MG),6928
3118304,Conselheiro Lafaiete (MG),126420
3118403,Conselheiro Pena (MG),23192
3118502,Consolação (MG),1807
3118601,Contagem (MG),653800
3118700,Coqueiral (MG),9446
3118809,Coração de Jesus (MG),27014
3118908,Cordisburgo (MG),9014
3119005,Cordislândia (MG),3580
3119104,Corinto (MG),24407
3119203,Coroaci (MG),10365
3119302,Coromandel (MG),28483
3119401,Coronel Fabriciano (MG),109857
3119500,Coronel Murta (MG),9405
3119609,Coronel Pacheco (MG),3117
3119708,Coronel Xavier Chaves (MG),3461
3119807,Córrego Danta (MG),3374
3119906,Córrego do Bom Jesus (MG),3807
3119955,Córrego Fundo (MG),6252
3120003,Córrego Novo (MG),3000
3120102,Couto de Magalhães de Minas (MG),4428
3120151,Crisólita (MG),6579
3120201,Cristais (MG),12444
3120300,Cristália (MG),6026
3120409,Cristiano Otoni (MG),5215
3120508,Cristina (MG),10483
3120607,Crucilândia (MG),5036
3120706,Cruzeiro da Fortaleza (MG),4158
3120805,Cruzília (MG),15435
3120839,Cuparaque (MG),4972
3120870,Curral de Dentro (MG),7559
3120904,Curvelo (MG),79401
3121001,Datas (MG),5457
3121100,Delfim Moreira (MG),8203
3121209,Delfinópolis (MG),7165
3121258,Delta (MG),9707
3121308,Descoberto (MG),5029
3121407,Desterro de Entre Rios (MG),7317
3121506,Desterro do Melo (MG),3026
3121605,Diamantina (MG),48095
3121704,Diogo de Vasconcelos (MG),3918
3121803,Dionísio (MG),8373
3121902,Divinésia (MG),3446
3122009,Divino (MG),20074
3122108,Divino das Laranjeiras (MG),5084
3122207,Divinolândia de Minas (MG),7517
3122306,Divinópolis (MG),232945
3122355,Divisa Alegre (MG),6553
3122405,Divisa Nova (MG),6050
3122454,Divisópolis (MG),10382
3122470,Dom Bosco (MG),3830
3122504,Dom Cavati (MG),5260
3122603,Dom Joaquim (MG),4609
3122702,Dom Silvério (MG),5349
3122801,Dom Viçoso (MG),3073
3122900,Dona Euzébia (MG),6483
3123007,Dores de Campos (MG),10026
3123106,Dores de Guanhães (MG),5322
3123205,Dores do Indaiá (MG),13952
3123304,Dores do Turvo (MG),4455
3123403,Doresópolis (MG),1526
3123502,Douradoquara (MG),1925
3123528,Durandé (MG),7852
3123601,Elói Mendes (MG),27505
3123700,Engenheiro Caldas (MG),11032
3123809,Engenheiro Navarro (MG),7369
3123858,Entre Folhas (MG),5397
3123908,Entre Rios de Minas (MG),15210
3124005,Ervália (MG),18944
3124104,Esmeraldas (MG),68133
3124203,Espera Feliz (MG),24641
3124302,Espinosa (MG),32183
3124401,Espírito Santo do Dourado (MG),4692
3124500,Estiva (MG),11411
3124609,Estrela Dalva (MG),2459
3124708,Estrela do Indaiá (MG),3593
3124807,Estrela do Sul (MG),7940
3124906,Eugenópolis (MG),11229
3125002,Ewbank da Câmara (MG),3940
3125101,Extrema (MG),33729
3125200,Fama (MG),2424
3125309,Faria Lemos (MG),3383
3125408,Felício dos Santos (MG),5046
3125507,São Gonçalo do Rio Preto (MG),3197
3125606,Felisburgo (MG),7386
3125705,Felixlândia (MG),15178
3125804,Fernandes Tourinho (MG),3337
3125903,Ferros (MG),10519
3125952,Fervedouro (MG),10989
3126000,Florestal (MG),7278
3126109,Formiga (MG),68236
3126208,Formoso (MG),9184
3126307,Fortaleza de Minas (MG),4382
3126406,Fortuna de Minas (MG),2913
3126505,Francisco Badaró (MG),10553
3126604,Francisco Dumont (MG),5188
3126703,Francisco Sá (MG),26325
3126752,Franciscópolis (MG),5708
3126802,Frei Gaspar (MG),6026
3126901,Frei Inocêncio (MG),9543
3126950,Frei Lagonegro (MG),3498
3127008,Fronteira (MG),16744
3127057,Fronteira dos Vales (MG),4743
3127073,Fruta de Leite (MG),5758
3127107,Frutal (MG),58295
3127206,Funilândia (MG),4237
3127305,Galiléia (MG),7047
3127339,Gameleiras (MG),5250
3127354,Glaucilândia (MG),3145
3127370,Goiabeira (MG),3304
3127388,Goianá (MG),3928
3127404,Gonçalves (MG),4401
3127503,Gonzaga (MG),6206
3127602,Gouveia (MG),12056
3127701,Governador Valadares (MG),279665
3127800,Grão Mogol (MG),15870
3127909,Grupiara (MG),1417
3128006,Guanhães (MG),33815
3128105,Guapé (MG),14435
3128204,Guaraciaba (MG),10537
3128253,Guaraciama (MG),4982
3128303,Guaranésia (MG),19360
3128402,Guarani (MG),9031
3128501,Guarará (MG),3951
3128600,Guarda-Mor (MG),6737
3128709,Guaxupé (MG),52108
3128808,Guidoval (MG),7313
3128907,Guimarânia (MG),7895
3129004,Guiricema (MG),8743
3129103,Gurinhatã (MG),6002
3129202,Heliodora (MG),6528
3129301,Iapu (MG),10917
3129400,Ibertioga (MG),5153
3129509,Ibiá (MG),24946
3129608,Ibiaí (MG),8357
3129657,Ibiracatu (MG),6185
3129707,Ibiraci (MG),13444
3129806,Ibirité (MG),175721
3129905,Ibitiúra de Minas (MG),3528
3130002,Ibituruna (MG),3009
3130051,Icaraí de Minas (MG),11736
3130101,Igarapé (MG),40468
3130200,Igaratinga (MG),10420
3130309,Iguatama (MG),8182
3130408,Ijaci (MG),6406
3130507,Ilicínea (MG),12289
3130556,Imbé de Minas (MG),6862
3130606,Inconfidentes (MG),7324
3130655,Indaiabira (MG),7525
3130705,Indianópolis (MG),6751
3130804,Ingaí (MG),2775
3130903,Inhapim (MG),24813
3131000,Inhaúma (MG),6200
3131109,Inimutaba (MG),7445
3131158,Ipaba (MG),18225
3131208,Ipanema (MG),19603
3131307,Ipatinga (MG),259324
3131406,Ipiaçu (MG),4277
3131505,Ipuiúna (MG),10082
3131604,Iraí de Minas (MG),6929
3131703,Itabira (MG),118481
3131802,Itabirinha (MG),11434
3131901,Itabirito (MG),50305
3132008,Itacambira (MG),5343
3132107,Itacarambi (MG),18414
3132206,Itaguara (MG),13253
3132305,Itaipé (MG),12651
3132404,Itajubá (MG),96523
3132503,Itamarandiba (MG),34462
3132602,Itamarati de Minas (MG),4340
3132701,Itambacuri (MG),23612
3132800,Itambé do Mato Dentro (MG),2224
3132909,Itamogi (MG),10517
3133006,Itamonte (MG),15267
3133105,Itanhandu (MG),15200
3133204,Itanhomi (MG),12368
3133303,Itaobim (MG),21562
3133402,Itapagipe (MG),14916
3133501,Itapecerica (MG),22134
3133600,Itapeva (MG),9529
3133709,Itatiaiuçu (MG),10882
3133758,Itaú de Minas (MG),15992
3133808,Itaúna (MG),92091
3133907,Itaverava (MG),5723
3134004,Itinga (MG),15104
3134103,Itueta (MG),6104
3134202,Ituiutaba (MG),103945
3134301,Itumirim (MG),6225
3134400,Iturama (MG),38102
3134509,Itutinga (MG),3938
3134608,Jaboticatubas (MG),19305
3134707,Jacinto (MG),12549
3134806,Jacuí (MG),7797
3134905,Jacutinga (MG),25199
3135001,Jaguaraçu (MG),3147
3135050,Jaíba (MG),37516
3135076,Jampruca (MG),5389
3135100,Janaúba (MG),71279
3135209,Januária (MG),68420
3135308,Japaraíba (MG),4275
3135357,Japonvar (MG),8664
3135407,Jeceaba (MG),5250
3135456,Jenipapo de Minas (MG),7627
3135506,Jequeri (MG),12901
3135605,Jequitaí (MG),7932
3135704,Jequitibá (MG),5316
3135803,Jequitinhonha (MG),25465
3135902,Jesuânia (MG),4899
3136009,Joaíma (MG),15599
3136108,Joanésia (MG),5067
3136207,João Monlevade (MG),79100
3136306,João Pinheiro (MG),48472
3136405,Joaquim Felício (MG),4639
3136504,Jordânia (MG),10865
3136520,José Gonçalves de Minas (MG),4637
3136553,José Raydan (MG),4845
3136579,Josenópolis (MG),4854
3136603,Nova União (MG),5792
3136652,Juatuba (MG),25490
3136702,Juiz de Fora (MG),559636
3136801,Juramento (MG),4342
3136900,Juruaia (MG),10235
3136959,Juvenília (MG),5861
3137007,Ladainha (MG),18066
3137106,Lagamar (MG),7797
3137205,Lagoa da Prata (MG),50714
3137304,Lagoa dos Patos (MG),4260
3137403,Lagoa Dourada (MG),12999
3137502,Lagoa Formosa (MG),18107
3137536,Lagoa Grande (MG),9369
3137601,Lagoa Santa (MG),60787
3137700,Lajinha (MG),20282
3137809,Lambari (MG),20773
3137908,Lamim (MG),3504
3138005,Laranjal (MG),6826
3138104,Lassance (MG),6663
3138203,Lavras (MG),101208
3138302,Leandro Ferreira (MG),3299
3138351,Leme do Prado (MG),4991
3138401,Leopoldina (MG),53252
3138500,Liberdade (MG),5320
3138609,Lima Duarte (MG),16871
3138625,Limeira do Oeste (MG),7436
3138658,Lontra (MG),8992
3138674,Luisburgo (MG),6408
3138682,Luislândia (MG),6733
3138708,Luminárias (MG),5571
3138807,Luz (MG),18347
3138906,Machacalis (MG),7228
3139003,Machado (MG),41651
3139102,Madre de Deus de Minas (MG),5139
3139201,Malacacheta (MG),19173
3139250,Mamonas (MG),6608
3139300,Manga (MG),19494
3139409,Manhuaçu (MG),87735
3139508,Manhumirim (MG),22683
3139607,Mantena (MG),28097
3139706,Maravilhas (MG),7812
3139805,Mar de Espanha (MG),12660
3139904,Maria da Fé (MG),14502
3140001,Mariana (MG),59343
3140100,Marilac (MG),4264
3140159,Mário Campos (MG),14811
3140209,Maripá de Minas (MG),2965
3140308,Marliéria (MG),4128
3140407,Marmelópolis (MG),2918
3140506,Martinho Campos (MG),13376
3140530,Martins Soares (MG),8073
3140555,Mata Verde (MG),8483
3140605,Materlândia (MG),4631
3140704,Mateus Leme (MG),30423
3140803,Matias Barbosa (MG),14369
3140852,Matias Cardoso (MG),10905
3140902,Matipó (MG),18816
3141009,Mato Verde (MG),12871
3141108,Matozinhos (MG),37040
3141207,Matutina (MG),3849
3141306,Medeiros (MG),3737
3141405,Medina (MG),21433
3141504,Mendes Pimentel (MG),6557
3141603,Mercês (MG),10842
3141702,Mesquita (MG),5951
3141801,Minas Novas (MG),31963
3141900,Minduri (MG),3967
3142007,Mirabela (MG),13685
3142106,Miradouro (MG),10799
3142205,Miraí (MG),14852
3142254,Miravânia (MG),4859
3142304,Moeda (MG),4940
3142403,Moema (MG),7487
3142502,Monjolos (MG),2339
3142601,Monsenhor Paulo (MG),8671
3142700,Montalvânia (MG),15689
3142809,Monte Alegre de Minas (MG),20979
3142908,Monte Azul (MG),21884
3143005,Monte Belo (MG),13449
3143104,Monte Carmelo (MG),48096
3143153,Monte Formoso (MG),4917
3143203,Monte Santo de Minas (MG),21932
3143302,Montes Claros (MG),398288
3143401,Monte Sião (MG),23238
3143450,Montezuma (MG),8106
3143500,Morada Nova de Minas (MG),8813
3143609,Morro da Garça (MG),2612
3143708,Morro do Pilar (MG),3358
3143807,Munhoz (MG),6282
3143906,Muriaé (MG),107916
3144003,Mutum (MG),27512
3144102,Muzambinho (MG),21021
3144201,Nacip Raydan (MG),3270
3144300,Nanuque (MG),41808
3144359,Naque (MG),6878
3144375,Natalândia (MG),3381
3144409,Natércia (MG),4816
3144508,Nazareno (MG),8532
3144607,Nepomuceno (MG),26977
3144656,Ninheira (MG),10339
3144672,Nova Belém (MG),3511
3144706,Nova Era (MG),17996
3144805,Nova Lima (MG),91069
3144904,Nova Módica (MG),3774
3145000,Nova Ponte (MG),14715
3145059,Nova Porteirinha (MG),7642
3145109,Nova Resende (MG),16540
3145208,Nova Serrana (MG),92332
3145307,Novo Cruzeiro (MG),31844
3145356,Novo Oriente de Minas (MG),10839
3145372,Novorizonte (MG),5282
3145406,Olaria (MG),1893
3145455,Olhos-d'Água (MG),5878
3145505,Olímpio Noronha (MG),2743
3145604,Oliveira (MG),41739
3145703,Oliveira Fortes (MG),2182
3145802,Onça de Pitangui (MG),3186
3145851,Oratórios (MG),4698
3145877,Orizânia (MG),7891
3145901,Ouro Branco (MG),38601
3146008,Ouro Fino (MG),33557
3146107,Ouro Preto (MG),74356
3146206,Ouro Verde de Minas (MG),6118
3146255,Padre Carvalho (MG),6295
3146305,Padre Paraíso (MG),20076
3146404,Paineiras (MG),4663
3146503,Pains (MG),8371
3146552,Pai Pedro (MG),6173
3146602,Paiva (MG),1580
3146701,Palma (MG),6750
3146750,Palmópolis (MG),6280
3146909,Papagaios (MG),15398
3147006,Paracatu (MG),91724
3147105,Pará de Minas (MG),91969
3147204,Paraguaçu (MG),21486
3147303,Paraisópolis (MG),20850
3147402,Paraopeba (MG),24273
3147501,Passabém (MG),1742
3147600,Passa Quatro (MG),16413
3147709,Passa Tempo (MG),8336
3147808,Passa Vinte (MG),2108
3147907,Passos (MG),113807
3147956,Patis (MG),5946
3148004,Patos de Minas (MG),149856
3148103,Patrocínio (MG),89333
3148202,Patrocínio do Muriaé (MG),5649
3148301,Paula Cândido (MG),9676
3148400,Paulistas (MG),4990
3148509,Pavão (MG),8724
3148608,Peçanha (MG),17854
3148707,Pedra Azul (MG),24717
3148756,Pedra Bonita (MG),7085
3148806,Pedra do Anta (MG),3304
3148905,Pedra do Indaiá (MG),4028
3149002,Pedra Dourada (MG),2427
3149101,Pedralva (MG),11596
3149150,Pedras de Maria da Cruz (MG),11297
3149200,Pedrinópolis (MG),3661
3149309,Pedro Leopoldo (MG),63406
3149408,Pedro Teixeira (MG),1842
3149507,Pequeri (MG),3335
3149606,Pequi (MG),4369
3149705,Perdigão (MG),10637
3149804,Perdizes (MG),15785
3149903,Perdões (MG),21344
3149952,Periquito (MG),7081
3150000,Pescador (MG),4302
3150109,Piau (MG),2859
3150158,Piedade de Caratinga (MG),8130
3150208,Piedade de Ponte Nova (MG),4208
3150307,Piedade do Rio Grande (MG),4703
3150406,Piedade dos Gerais (MG),4954
3150505,Pimenta (MG),8688
3150539,Pingo-d'Água (MG),4832
3150570,Pintópolis (MG),7563
3150604,Piracema (MG),6568
3150703,Pirajuba (MG),5665
3150802,Piranga (MG),17892
3150901,Piranguçu (MG),5495
3151008,Piranguinho (MG),8553
3151107,Pirapetinga (MG),10848
3151206,Pirapora (MG),56474
3151305,Piraúba (MG),11090
3151404,Pitangui (MG),27495
3151503,Piumhi (MG),34306
3151602,Planura (MG),11656
3151701,Poço Fundo (MG),16841
3151800,Poços de Caldas (MG),164912
3151909,Pocrane (MG),8889
3152006,Pompéu (MG),31401
3152105,Ponte Nova (MG),60188
3152131,Ponto Chique (MG),4236
3152170,Ponto dos Volantes (MG),12078
3152204,Porteirinha (MG),38730
3152303,Porto Firme (MG),11178
3152402,Poté (MG),16573
3152501,Pouso Alegre (MG),145535
3152600,Pouso Alto (MG),6210
3152709,Prados (MG),8972
3152808,Prata (MG),27637
3152907,Pratápolis (MG),8910
3153004,Pratinha (MG),3543
3153103,Presidente Bernardes (MG),5578
3153202,Presidente Juscelino (MG),3851
3153301,Presidente Kubitschek (MG),3059
3153400,Presidente Olegário (MG),19536
3153509,Alto Jequitibá (MG),8525
3153608,Prudente de Morais (MG),10485
3153707,Quartel Geral (MG),3537
3153806,Queluzito (MG),1953
3153905,Raposos (MG),16312
3154002,Raul Soares (MG),24381
3154101,Recreio (MG),10682
3154150,Reduto (MG),7071
3154200,Resende Costa (MG),11525
3154309,Resplendor (MG),17695
3154408,Ressaquinha (MG),4848
3154457,Riachinho (MG),8283
3154507,Riacho dos Machados (MG),9665
3154606,Ribeirão das Neves (MG),325846
3154705,Ribeirão Vermelho (MG),4042
3154804,Rio Acima (MG),10026
3154903,Rio Casca (MG),14187
3155009,Rio Doce (MG),2611
3155108,Rio do Prado (MG),5309
3155207,Rio Espera (MG),5876
3155306,Rio Manso (MG),5730
3155405,Rio Novo (MG),9067
3155504,Rio Paranaíba (MG),12431
3155603,Rio Pardo de Minas (MG),30878
3155702,Rio Piracicaba (MG),14613
3155801,Rio Pomba (MG),18001
3155900,Rio Preto (MG),5531
3156007,Rio Vermelho (MG),13523
3156106,Ritápolis (MG),4862
3156205,Rochedo de Minas (MG),2278
3156304,Rodeiro (MG),7758
3156403,Romaria (MG),3650
3156452,Rosário da Limeira (MG),4553
3156502,Rubelita (MG),6937
3156601,Rubim (MG),10354
3156700,Sabará (MG),135196
3156809,Sabinópolis (MG),15961
3156908,Sacramento (MG),25819
3157005,Salinas (MG),41494
3157104,Salto da Divisa (MG),7117
3157203,Santa Bárbara (MG),30436
3157252,Santa Bárbara do Leste (MG),8144
3157278,Santa Bárbara do Monte Verde (MG),3067
3157302,Santa Bárbara do Tugúrio (MG),4603
3157336,Santa Cruz de Minas (MG),8489
3157377,Santa Cruz de Salinas (MG),4359
3157401,Santa Cruz do Escalvado (MG),4981
3157500,Santa Efigênia de Minas (MG),4604
3157609,Santa Fé de Minas (MG),3997
3157658,Santa Helena de Minas (MG),6387
3157708,Santa Juliana (MG),13165
3157807,Santa Luzia (MG),217610
3157906,Santa Margarida (MG),16080
3158003,Santa Maria de Itabira (MG),10986
3158102,Santa Maria do Salto (MG),5387
3158201,Santa Maria do Suaçuí (MG),14883
3158300,Santana da Vargem (MG),7336
3158409,Santana de Cataguases (MG),3856
3158508,Santana de Pirapama (MG),7997
3158607,Santana do Deserto (MG),4024
3158706,Santana do Garambéu (MG),2419
3158805,Santana do Jacaré (MG),4845
3158904,Santana do Manhuaçu (MG),8849
3158953,Santana do Paraíso (MG),32232
3159001,Santana do Riacho (MG),4280
3159100,Santana dos Montes (MG),3892
3159209,Santa Rita de Caldas (MG),9208
3159308,Santa Rita de Jacutinga (MG),5054
3159357,Santa Rita de Minas (MG),7097
3159407,Santa Rita de Ibitipoca (MG),3580
3159506,Santa Rita do Itueto (MG),5719
3159605,Santa Rita do Sapucaí (MG),41886
3159704,Santa Rosa da Serra (MG),3377
3159803,Santa Vitória (MG),19520
3159902,Santo Antônio do Amparo (MG),18462
3160009,Santo Antônio do Aventureiro (MG),3664
3160108,Santo Antônio do Grama (MG),4087
3160207,Santo Antônio do Itambé (MG),4066
3160306,Santo Antônio do Jacinto (MG),11992
3160405,Santo Antônio do Monte (MG),27938
3160454,Santo Antônio do Retiro (MG),7315
3160504,Santo Antônio do Rio Abaixo (MG),1815
3160603,Santo Hipólito (MG),3231
3160702,Santos Dumont (MG),47560
3160801,São Bento Abade (MG),5103
3160900,São Brás do Suaçuí (MG),3730
3160959,São Domingos das Dores (MG),5680
3161007,São Domingos do Prata (MG),17792
3161056,São Félix de Minas (MG),3460
3161106,São Francisco (MG),56619
3161205,São Francisco de Paula (MG),6671
3161304,São Francisco de Sales (MG),6188
3161403,São Francisco do Glória (MG),5114
3161502,São Geraldo (MG),11736
3161601,São Geraldo da Piedade (MG),4251
3161650,São Geraldo do Baixio (MG),3878
3161700,São Gonçalo do Abaeté (MG),6840
3161809,São Gonçalo do Pará (MG),11823
3161908,São Gonçalo do Rio Abaixo (MG),10683
3162005,São Gonçalo do Sapucaí (MG),25399
3162104,São Gotardo (MG),34728
3162203,São João Batista do Glória (MG),7387
3162252,São João da Lagoa (MG),4922
3162302,São João da Mata (MG),2810
3162401,São João da Ponte (MG),25880
3162450,São João das Missões (MG),12760
3162500,São João del Rei (MG),89832
3162559,São João do Manhuaçu (MG),11262
3162575,São João do Manteninha (MG),5706
3162609,São João do Oriente (MG),7853
3162658,São João do Pacuí (MG),4369
3162708,São João do Paraíso (MG),23630
3162807,São João Evangelista (MG),16070
3162906,São João Nepomuceno (MG),26439
3162922,São Joaquim de Bicas (MG),29674
3162948,São José da Barra (MG),7323
3162955,São José da Lapa (MG),22592
3163003,São José da Safira (MG),4289
3163102,São José da Varginha (MG),4770
3163201,São José do Alegre (MG),4213
3163300,São José do Divino (MG),3945
3163409,São José do Goiabal (MG),5653
3163508,São José do Jacuri (MG),6660
3163607,São José do Mantimento (MG),2771
3163706,São Lourenço (MG),45128
3163805,São Miguel do Anta (MG),7032
3163904,São Pedro da União (MG),4944
3164001,São Pedro dos Ferros (MG),8231
3164100,São Pedro do Suaçuí (MG),5522
3164209,São Romão (MG),11727
3164308,São Roque de Minas (MG),7064
3164407,São Sebastião da Bela Vista (MG),5394
3164431,São Sebastião da Vargem Alegre (MG),2990
3164472,São Sebastião do Anta (MG),6355
3164506,São Sebastião do Maranhão (MG),10564
3164605,São Sebastião do Oeste (MG),6512
3164704,São Sebastião do Paraíso (MG),70066
3164803,São Sebastião do Rio Preto (MG),1591
3164902,São Sebastião do Rio Verde (MG),2239
3165008,São Tiago (MG),11046
3165107,São Tomás de Aquino (MG),7230
3165206,São Tomé das Letras (MG),7072
3165305,São Vicente de Minas (MG),7614
3165404,Sapucaí-Mirim (MG),6796
3165503,Sardoá (MG),6142
3165537,Sarzedo (MG),30478
3165552,Setubinha (MG),11952
3165560,Sem-Peixe (MG),2794
3165578,Senador Amaral (MG),5429
3165602,Senador Cortes (MG),2048
3165701,Senador Firmino (MG),7747
3165800,Senador José Bento (MG),1703
3165909,Senador Modestino Gonçalves (MG),4446
3166006,Senhora de Oliveira (MG),5886
3166105,Senhora do Porto (MG),3600
3166204,Senhora dos Remédios (MG),10604
3166303,Sericita (MG),7420
3166402,Seritinga (MG),1870
3166501,Serra Azul de Minas (MG),4368
3166600,Serra da Saudade (MG),815
3166709,Serra dos Aimorés (MG),8789
3166808,Serra do Salitre (MG),11410
3166907,Serrania (MG),7804
3166956,Serranópolis de Minas (MG),4741
3167004,Serranos (MG),2026
3167103,Serro (MG),21431
3167202,Sete Lagoas (MG),234221
3167301,Silveirânia (MG),2287
3167400,Silvianópolis (MG),6299
3167509,Simão Pereira (MG),2646
3167608,Simonésia (MG),19530
3167707,Sobrália (MG),5816
3167806,Soledade de Minas (MG),6094
3167905,Tabuleiro (MG),3991
3168002,Taiobeiras (MG),33576
3168051,Taparuba (MG),3199
3168101,Tapira (MG),4598
3168200,Tapiraí (MG),1921
3168309,Taquaraçu de Minas (MG),4053
3168408,Tarumirim (MG),14670
3168507,Teixeiras (MG),11815
3168606,Teófilo Otoni (MG),141502
3168705,Timóteo (MG),88255
3168804,Tiradentes (MG),7726
3168903,Tiros (MG),6832
3169000,Tocantins (MG),16703
3169059,Tocos do Moji (MG),4136
3169109,Toledo (MG),6194
3169208,Tombos (MG),8899
3169307,Três Corações (MG),78474
3169356,Três Marias (MG),31366
3169406,Três Pontas (MG),56879
3169505,Tumiritinga (MG),6705
3169604,Tupaciguara (MG),25452
3169703,Turmalina (MG),19612
3169802,Turvolândia (MG),4995
3169901,Ubá (MG),112186
3170008,Ubaí (MG),12466
3170057,Ubaporanga (MG),12591
3170107,Uberaba (MG),325279
3170206,Uberlândia (MG),669672
3170305,Umburatiba (MG),2718
3170404,Unaí (MG),83448
3170438,União de Minas (MG),4463
3170479,Uruana de Minas (MG),3337
3170503,Urucânia (MG),10587
3170529,Urucuia (MG),15833
3170578,Vargem Alegre (MG),6633
3170602,Vargem Bonita (MG),2211
3170651,Vargem Grande do Rio Pardo (MG),5011
3170701,Varginha (MG),133384
3170750,Varjão de Minas (MG),6857
3170800,Várzea da Palma (MG),38838
3170909,Varzelândia (MG),19712
3171006,Vazante (MG),20720
3171030,Verdelândia (MG),9140
3171071,Veredinha (MG),5786
3171105,Veríssimo (MG),3870
3171154,Vermelho Novo (MG),4894
3171204,Vespasiano (MG),120510
3171303,Viçosa (MG),77863
3171402,Vieiras (MG),3753
3171501,Mathias Lobato (MG),3357
3171600,Virgem da Lapa (MG),14037
3171709,Virgínia (MG),8868
3171808,Virginópolis (MG),10801
3171907,Virgolândia (MG),5638
3172004,Visconde do Rio Branco (MG),41567
3172103,Volta Grande (MG),5302
3172202,Wenceslau Braz (MG),2616
32,Espírito Santo,3973697
3200102,Afonso Cláudio (ES),32407
3200136,Águia Branca (ES),10075
3200169,Água Doce do Norte (ES),11958
3200201,Alegre (ES),32175
3200300,Alfredo Chaves (ES),15029
3200359,Alto Rio Novo (ES),7979
3200409,Anchieta (ES),28091
3200508,Apiacá (ES),7928
3200607,Aracruz (ES),96746
3200706,Atílio Vivácqua (ES),11335
3200805,Baixo Guandu (ES),31633
3200904,Barra de São Francisco (ES),44946
3201001,Boa Esperança (ES),15390
3201100,Bom Jesus do Norte (ES),10215
3201159,Brejetuba (ES),12797
3201209,Cachoeiro de Itapemirim (ES),210325
3201308,Cariacica (ES),384621
3201407,Castelo (ES),38070
3201506,Colatina (ES),123598
3201605,Conceição da Barra (ES),31353
3201704,Conceição do Castelo (ES),12856
3201803,Divino de São Lourenço (ES),4630
3201902,Domingos Martins (ES),34589
3202009,Dores do Rio Preto (ES),6920
3202108,Ecoporanga (ES),24243
3202207,Fundão (ES),20376
3202256,Governador Lindenberg (ES),12444
3202306,Guaçuí (ES),30946
3202405,Guarapari (ES),121506
3202454,Ibatiba (ES),25567
3202504,Ibiraçu (ES),12471
3202553,Ibitirama (ES),9379
3202603,Iconha (ES),13904
3202652,Irupi (ES),13240
3202702,Itaguaçu (ES),14822
3202801,Itapemirim (ES),34585
3202900,Itarana (ES),11259
3203007,Iúna (ES),29743
3203056,Jaguaré (ES),29150
3203106,Jerônimo Monteiro (ES),11957
3203130,João Neiva (ES),17096
3203163,Laranja da Terra (ES),11447
3203205,Linhares (ES),166491
3203304,Mantenópolis (ES),15272
3203320,Marataízes (ES),38301
3203346,Marechal Floriano (ES),16339
3203353,Marilândia (ES),12479
3203403,Mimoso do Sul (ES),27369
3203502,Montanha (ES),19309
3203601,Mucurici (ES),5873
3203700,Muniz Freire (ES),18826
3203809,Muqui (ES),15717
3203908,Nova Venécia (ES),50647
3204005,Pancas (ES),23559
3204054,Pedro Canário (ES),26336
3204104,Pinheiros (ES),26863
3204203,Piúma (ES),21030
3204252,Ponto Belo (ES),7826
3204302,Presidente Kennedy (ES),11396
3204351,Rio Bananal (ES),19321
3204401,Rio Novo do Sul (ES),12070
3204500,Santa Leopoldina (ES),12887
3204559,Santa Maria de Jetibá (ES),39396
3204609,Santa Teresa (ES),23882
3204658,São Domingos do Norte (ES),8764
3204708,São Gabriel da Palha (ES),36858
3204807,São José do Calçado (ES),11024
3204906,São Mateus (ES),126437
3204955,São Roque do Canaã (ES),12483
3205002,Serra (ES),494109
3205010,Sooretama (ES),28509
3205036,Vargem Alta (ES),21396
3205069,Venda Nova do Imigrante (ES),24165
3205101,Viana (ES),75652
3205150,Vila Pavão (ES),9414
3205176,Vila Valério (ES),14677
3205200,Vila Velha (ES),479664
3205309,Vitória (ES),359555
33,Rio de Janeiro,16635996
3300100,Angra dos Reis (RJ),191504
3300159,Aperibé (RJ),11160
3300209,Araruama (RJ),124940
3300225,Areal (RJ),12058
3300233,Armação dos Búzios (RJ),31674
3300258,Arraial do Cabo (RJ),29077
3300308,Barra do Piraí (RJ),97152
3300407,Barra Mansa (RJ),180126
3300456,Belford Roxo (RJ),494141
3300506,Bom Jardim (RJ),26424
3300605,Bom Jesus do Itabapoana (RJ),36031
3300704,Cabo Frio (RJ),212289
3300803,Cachoeiras de Macacu (RJ),56603
3300902,Cambuci (RJ),14824
3300936,Carapebus (RJ),15293
3300951,Comendador Levy Gasparian (RJ),8255
3301009,Campos dos Goytacazes (RJ),487186
3301108,Cantagalo (RJ),19727
3301157,Cardoso Moreira (RJ),12538
3301207,Carmo (RJ),18322
3301306,Casimiro de Abreu (RJ),41167
3301405,Conceição de Macabu (RJ),22315
3301504,Cordeiro (RJ),21158
3301603,Duas Barras (RJ),11145
3301702,Duque de Caxias (RJ),886917
3301801,Engenheiro Paulo de Frontin (RJ),13521
3301850,Guapimirim (RJ),57105
3301876,Iguaba Grande (RJ),26430
3301900,Itaboraí (RJ),230786
3302007,Itaguaí (RJ),120855
3302056,Italva (RJ),14647
3302106,Itaocara (RJ),22736
3302205,Itaperuna (RJ),99504
3302254,Itatiaia (RJ),30475
3302270,Japeri (RJ),100562
3302304,Laje do Muriaé (RJ),7257
3302403,Macaé (RJ),239471
3302452,Macuco (RJ),5417
3302502,Magé (RJ),236319
3302601,Mangaratiba (RJ),41557
3302700,Maricá (RJ),149876
3302809,Mendes (RJ),18111
3302858,Mesquita (RJ),171020
3302908,Miguel Pereira (RJ),24855
3303005,Miracema (RJ),26607
3303104,Natividade (RJ),14986
3303203,Nilópolis (RJ),158319
3303302,Niterói (RJ),497883
3303401,Nova Friburgo (RJ),185102
3303500,Nova Iguaçu (RJ),797435
3303609,Paracambi (RJ),50071
3303708,Paraíba do Sul (RJ),42737
3303807,Paraty (RJ),40975
3303856,Paty do Alferes (RJ),26939
3303906,Petrópolis (RJ),298158
3303955,Pinheiral (RJ),24076
3304003,Piraí (RJ),28088
3304102,Porciúncula (RJ),18156
3304110,Porto Real (RJ),18552
3304128,Quatis (RJ),13666
3304144,Queimados (RJ),144525
3304151,Quissamã (RJ),23125
3304201,Resende (RJ),126084
3304300,Rio Bonito (RJ),57963
3304409,Rio Claro (RJ),17850
3304508,Rio das Flores (RJ),8943
3304524,Rio das Ostras (RJ),136626
3304557,Rio de Janeiro (RJ),6498837
3304607,Santa Maria Madalena (RJ),10198
3304706,Santo Antônio de Pádua (RJ),41246
3304755,São Francisco de Itabapoana (RJ),41240
3304805,São Fidélis (RJ),37696
3304904,São Gonçalo (RJ),1044058
3305000,São João da Barra (RJ),34884
3305109,São João de Meriti (RJ),460541
3305133,São José de Ubá (RJ),7236
3305158,São José do Vale do Rio Preto (RJ),21017
3305208,São Pedro da Aldeia (RJ),98470
3305307,São Sebastião do Alto (RJ),9075
3305406,Sapucaia (RJ),17604
3305505,Saquarema (RJ),83750
3305554,Seropédica (RJ),83667
3305604,Silva Jardim (RJ),21279
3305703,Sumidouro (RJ),15153
3305752,Tanguá (RJ),32703
3305802,Teresópolis (RJ),174587
3305901,Trajano de Moraes (RJ),10351
3306008,Três Rios (RJ),79230
3306107,Valença (RJ),73997
3306156,Varre-Sai (RJ),10500
3306206,Vassouras (RJ),35622
3306305,Volta Redonda (RJ),263659
35,São Paulo,44749699
3500105,Adamantina (SP),35094
3500204,Adolfo (SP),3616
3500303,Aguaí (SP),35189
3500402,Águas da Prata (SP),8065
3500501,Águas de Lindóia (SP),18412
3500550,Águas de Santa Bárbara (SP),5977
3500600,Águas de São Pedro (SP),3205
3500709,Agudos (SP),36704
3500758,Alambari (SP),5658
3500808,Alfredo Marcondes (SP),4118
3500907,Altair (SP),4085
3501004,Altinópolis (SP),16199
3501103,Alto Alegre (SP),4164
3501152,Alumínio (SP),18194
3501202,Álvares Florence (SP),3824
3501301,Álvares Machado (SP),24733
3501400,Álvaro de Carvalho (SP),5075
3501509,Alvinlândia (SP),3182
3501608,Americana (SP),231621
3501707,Américo Brasiliense (SP),38701
3501806,Américo de Campos (SP),5955
3501905,Amparo (SP),70742
3502002,Analândia (SP),4789
3502101,Andradina (SP),57300
3502200,Angatuba (SP),24400
3502309,Anhembi (SP),6397
3502408,Anhumas (SP),4026
3502507,Aparecida (SP),36248
3502606,Aparecida d'Oeste (SP),4362
3502705,Apiaí (SP),25077
3502754,Araçariguama (SP),20581
3502804,Araçatuba (SP),193828
3502903,Araçoiaba da Serra (SP),31915
3503000,Aramina (SP),5519
3503109,Arandu (SP),6360
3503158,Arapeí (SP),2516
3503208,Araraquara (SP),228664
3503307,Araras (SP),130102
3503356,Arco-Íris (SP),1873
3503406,Arealva (SP),8402
3503505,Areias (SP),3869
3503604,Areiópolis (SP),11078
3503703,Ariranha (SP),9365
3503802,Artur Nogueira (SP),51126
3503901,Arujá (SP),85199
3503950,Aspásia (SP),1845
3504008,Assis (SP),102268
3504107,Atibaia (SP),138449
3504206,Auriflama (SP),15024
3504305,Avaí (SP),5306
3504404,Avanhandava (SP),12918
3504503,Avaré (SP),88938
3504602,Bady Bassitt (SP),16604
3504701,Balbinos (SP),5006
3504800,Bálsamo (SP),8841
3504909,Bananal (SP),10821
3505005,Barão de Antonina (SP),3380
3505104,Barbosa (SP),7190
3505203,Bariri (SP),34328
3505302,Barra Bonita (SP),36326
3505351,Barra do Chapéu (SP),5619
3505401,Barra do Turvo (SP),7804
3505500,Barretos (SP),119948
3505609,Barrinha (SP),31579
3505708,Barueri (SP),264935
3505807,Bastos (SP),21070
3505906,Batatais (SP),61040
3506003,Bauru (SP),369368
3506102,Bebedouro (SP),77695
3506201,Bento de Abreu (SP),2902
3506300,Bernardino de Campos (SP),11169
3506359,Bertioga (SP),57942
3506409,Bilac (SP),7761
3506508,Birigui (SP),119536
3506607,Biritiba Mirim (SP),31479
3506706,Boa Esperança do Sul (SP),14638
3506805,Bocaina (SP),11926
3506904,Bofete (SP),11059
3507001,Boituva (SP),56830
3507100,Bom Jesus dos Perdões (SP),23530
3507159,Bom Sucesso de Itararé (SP),3860
3507209,Borá (SP),838
3507308,Boracéia (SP),4675
3507407,Borborema (SP),15681
3507456,Borebi (SP),2548
3507506,Botucatu (SP),141032
3507605,Bragança Paulista (SP),162435
3507704,Braúna (SP),5506
3507753,Brejo Alegre (SP),2790
3507803,Brodowski (SP),23780
3507902,Brotas (SP),23641
3508009,Buri (SP),19655
3508108,Buritama (SP),16714
3508207,Buritizal (SP),4377
3508306,Cabrália Paulista (SP),4371
3508405,Cabreúva (SP),47210
3508504,Caçapava (SP),91883
3508603,Cachoeira Paulista (SP),32536
3508702,Caconde (SP),19001
3508801,Cafelândia (SP),17573
3508900,Caiabu (SP),4208
3509007,Caieiras (SP),97016
3509106,Caiuá (SP),5628
3509205,Cajamar (SP),72875
3509254,Cajati (SP),28916
3509304,Cajobi (SP),10393
3509403,Cajuru (SP),25445
3509452,Campina do Monte Alegre (SP),5932
3509502,Campinas (SP),1173370
3509601,Campo Limpo Paulista (SP),81693
3509700,Campos do Jordão (SP),51157
3509809,Campos Novos Paulista (SP),4870
3509908,Cananéia (SP),12606
3509957,Canas (SP),4914
3510005,Cândido Mota (SP),31198
3510104,Cândido Rodrigues (SP),2786
3510153,Canitar (SP),4956
3510203,Capão Bonito (SP),47475
3510302,Capela do Alto (SP),19747
3510401,Capivari (SP),53731
3510500,Caraguatatuba (SP),115071
3510609,Carapicuíba (SP),394465
3510708,Cardoso (SP),12305
3510807,Casa Branca (SP),30012
3510906,Cássia dos Coqueiros (SP),2607
3511003,Castilho (SP),20120
3511102,Catanduva (SP),120092
3511201,Catiguá (SP),7652
3511300,Cedral (SP),8870
3511409,Cerqueira César (SP),19304
3511508,Cerquilho (SP),45947
3511607,Cesário Lange (SP),17378
3511706,Charqueada (SP),16608
3511904,Clementina (SP),8124
3512001,Colina (SP),18311
3512100,Colômbia (SP),6218
3512209,Conchal (SP),27345
3512308,Conchas (SP),17523
3512407,Cordeirópolis (SP),23517
3512506,Coroados (SP),5820
3512605,Coronel Macedo (SP),4881
3512704,Corumbataí (SP),4045
3512803,Cosmópolis (SP),67960
3512902,Cosmorama (SP),7381
3513009,Cotia (SP),233696
3513108,Cravinhos (SP),34384
3513207,Cristais Paulista (SP),8343
3513306,Cruzália (SP),2185
3513405,Cruzeiro (SP),81406
3513504,Cubatão (SP),127887
3513603,Cunha (SP),22007
3513702,Descalvado (SP),33165
3513801,Diadema (SP),415180
3513850,Dirce Reis (SP),1779
3513900,Divinolândia (SP),11437
3514007,Dobrada (SP),8669
3514106,Dois Córregos (SP),26706
3514205,Dolcinópolis (SP),2139
3514304,Dourado (SP),8903
3514403,Dracena (SP),46088
3514502,Duartina (SP),12558
3514601,Dumont (SP),9325
3514700,Echaporã (SP),6281
3514809,Eldorado (SP),15388
3514908,Elias Fausto (SP),17241
3514924,Elisiário (SP),3494
3514957,Embaúba (SP),2479
3515004,Embu das Artes (SP),264448
3515103,Embu-Guaçu (SP),67788
3515129,Emilianópolis (SP),3186
3515152,Engenheiro Coelho (SP),19059
3515186,Espírito Santo do Pinhal (SP),44036
3515194,Espírito Santo do Turvo (SP),4668
3515202,Estrela d'Oeste (SP),8464
3515301,Estrela do Norte (SP),2765
3515350,Euclides da Cunha Paulista (SP),9600
3515400,Fartura (SP),15994
3515509,Fernandópolis (SP),68399
3515608,Fernando Prestes (SP),5771
3515657,Fernão (SP),1680
3515707,Ferraz de Vasconcelos (SP),186808
3515806,Flora Rica (SP),1602
3515905,Floreal (SP),2996
3516002,Flórida Paulista (SP),14143
3516101,Florínea (SP),2778
3516200,Franca (SP),344704
3516309,Francisco Morato (SP),169942
3516408,Franco da Rocha (SP),147650
3516507,Gabriel Monteiro (SP),2791
3516606,Gália (SP),6834
3516705,Garça (SP),44557
3516804,Gastão Vidigal (SP),4634
3516853,Gavião Peixoto (SP),4714
3516903,General Salgado (SP),10956
3517000,Getulina (SP),11325
3517109,Glicério (SP),4787
3517208,Guaiçara (SP),11752
3517307,Guaimbê (SP),5717
3517406,Guaíra (SP),40053
3517505,Guapiaçu (SP),20340
3517604,Guapiara (SP),17758
3517703,Guará (SP),20997
3517802,Guaraçaí (SP),8495
3517901,Guaraci (SP),10872
3518008,Guarani d'Oeste (SP),2018
3518107,Guarantã (SP),6662
3518206,Guararapes (SP),32502
3518305,Guararema (SP),28664
3518404,Guaratinguetá (SP),119753
3518503,Guareí (SP),17213
3518602,Guariba (SP),38861
3518701,Guarujá (SP),313421
3518800,Guarulhos (SP),1337087
3518859,Guatapará (SP),7496
3518909,Guzolândia (SP),5142
3519006,Herculândia (SP),9338
3519055,Holambra (SP),13698
3519071,Hortolândia (SP),219039
3519105,Iacanga (SP),11206
3519204,Iacri (SP),6457
3519253,Iaras (SP),8230
3519303,Ibaté (SP),33884
3519402,Ibirá (SP),11980
3519501,Ibirarema (SP),7459
3519600,Ibitinga (SP),58188
3519709,Ibiúna (SP),77005
3519808,Icém (SP),8055
3519907,Iepê (SP),8070
3520004,Igaraçu do Tietê (SP),24525
3520103,Igarapava (SP),29902
3520202,Igaratá (SP),9397
3520301,Iguape (SP),30519
3520400,Ilhabela (SP),32782
3520426,Ilha Comprida (SP),10476
3520442,Ilha Solteira (SP),26443
3520509,Indaiatuba (SP),235367
3520608,Indiana (SP),4936
3520707,Indiaporã (SP),3960
3520806,Inúbia Paulista (SP),3907
3520905,Ipaussu (SP),14674
3521002,Iperó (SP),34149
3521101,Ipeúna (SP),7047
3521150,Ipiguá (SP),5101
3521200,Iporanga (SP),4316
3521309,Ipuã (SP),15752
3521408,Iracemápolis (SP),22914
3521507,Irapuã (SP),7827
3521606,Irapuru (SP),8217
3521705,Itaberá (SP),17946
3521804,Itaí (SP),26287
3521903,Itajobi (SP),15212
3522000,Itaju (SP),3655
3522109,Itanhaém (SP),97439
3522158,Itaoca (SP),3339
3522208,Itapecerica da Serra (SP),169103
3522307,Itapetininga (SP),158561
3522406,Itapeva (SP),93145
3522505,Itapevi (SP),226488
3522604,Itapira (SP),73410
3522653,Itapirapuã Paulista (SP),4161
3522703,Itápolis (SP),42547
3522802,Itaporanga (SP),15140
3522901,Itapuí (SP),13475
3523008,Itapura (SP),4760
3523107,Itaquaquecetuba (SP),356774
3523206,Itararé (SP),50243
3523305,Itariri (SP),16913
3523404,Itatiba (SP),114912
3523503,Itatinga (SP),19951
3523602,Itirapina (SP),17377
3523701,Itirapuã (SP),6363
3523800,Itobi (SP),7842
3523909,Itu (SP),168643
3524006,Itupeva (SP),55596
3524105,Ituverava (SP),41206
3524204,Jaborandi (SP),6900
3524303,Jaboticabal (SP),76196
3524402,Jacareí (SP),228214
3524501,Jaci (SP),6609
3524600,Jacupiranga (SP),17876
3524709,Jaguariúna (SP),53069
3524808,Jales (SP),49017
3524907,Jambeiro (SP),6200
3525003,Jandira (SP),120177
3525102,Jardinópolis (SP),42358
3525201,Jarinu (SP),28012
3525300,Jaú (SP),144828
3525409,Jeriquara (SP),3209
3525508,Joanópolis (SP),12837
3525607,João Ramalho (SP),4442
3525706,José Bonifácio (SP),35872
3525805,Júlio Mesquita (SP),4710
3525854,Jumirim (SP),3190
3525904,Jundiaí (SP),405740
3526001,Junqueirópolis (SP),20211
3526100,Juquiá (SP),19274
3526209,Juquitiba (SP),30837
3526308,Lagoinha (SP),4949
3526407,Laranjal Paulista (SP),27640
3526506,Lavínia (SP),10876
3526605,Lavrinhas (SP),7102
3526704,Leme (SP),100296
3526803,Lençóis Paulista (SP),66664
3526902,Limeira (SP),298701
3527009,Lindóia (SP),7591
3527108,Lins (SP),76562
3527207,Lorena (SP),87584
3527256,Lourdes (SP),2260
3527306,Louveira (SP),44904
3527405,Lucélia (SP),21330
3527504,Lucianópolis (SP),2372
3527603,Luís Antônio (SP),13703
3527702,Luiziânia (SP),5573
3527801,Lupércio (SP),4561
3527900,Lutécia (SP),2717
3528007,Macatuba (SP),17063
3528106,Macaubal (SP),8060
3528205,Macedônia (SP),3741
3528304,Magda (SP),3200
3528403,Mairinque (SP),46294
3528502,Mairiporã (SP),93981
3528601,Manduri (SP),9653
3528700,Marabá Paulista (SP),5524
3528809,Maracaí (SP),13948
3528858,Marapoama (SP),2917
3528908,Mariápolis (SP),4079
3529005,Marília (SP),233639
3529104,Marinópolis (SP),2145
3529203,Martinópolis (SP),25966
3529302,Matão (SP),81878
3529401,Mauá (SP),457696
3529500,Mendonça (SP),5232
3529609,Meridiano (SP),3902
3529658,Mesópolis (SP),1928
3529708,Miguelópolis (SP),21852
3529807,Mineiros do Tietê (SP),12757
3529906,Miracatu (SP),20409
3530003,Mira Estrela (SP),3027
3530102,Mirandópolis (SP),29181
3530201,Mirante do Paranapanema (SP),18056
3530300,Mirassol (SP),58314
3530409,Mirassolândia (SP),4714
3530508,Mococa (SP),68897
3530607,Mogi das Cruzes (SP),429321
3530706,Mogi Guaçu (SP),148327
3530805,Mogi Mirim (SP),91929
3530904,Mombuca (SP),3456
3531001,Monções (SP),2242
3531100,Mongaguá (SP),53384
3531209,Monte Alegre do Sul (SP),7804
3531308,Monte Alto (SP),49721
3531407,Monte Aprazível (SP),24128
3531506,Monte Azul Paulista (SP),19268
3531605,Monte Castelo (SP),4189
3531704,Monteiro Lobato (SP),4509
3531803,Monte Mor (SP),56335
3531902,Morro Agudo (SP),31923
3532009,Morungaba (SP),13085
3532058,Motuca (SP),4642
3532108,Murutinga do Sul (SP),4434
3532157,Nantes (SP),3014
3532207,Narandiba (SP),4702
3532306,Natividade da Serra (SP),6770
3532405,Nazaré Paulista (SP),17959
3532504,Neves Paulista (SP),9003
3532603,Nhandeara (SP),11351
3532702,Nipoã (SP),4916
3532801,Nova Aliança (SP),6645
3532827,Nova Campina (SP),9406
3532843,Nova Canaã Paulista (SP),2005
3532868,Nova Castilho (SP),1228
3532900,Nova Europa (SP),10599
3533007,Nova Granada (SP),20896
3533106,Nova Guataporanga (SP),2296
3533205,Nova Independência (SP),3667
3533254,Novais (SP),5421
3533304,Nova Luzitânia (SP),3899
3533403,Nova Odessa (SP),57504
3533502,Novo Horizonte (SP),39888
3533601,Nuporanga (SP),7299
3533700,Ocauçu (SP),4305
3533809,Óleo (SP),2605
3533908,Olímpia (SP),53702
3534005,Onda Verde (SP),4248
3534104,Oriente (SP),6447
3534203,Orindiúva (SP),6614
3534302,Orlândia (SP),42996
3534401,Osasco (SP),696382
3534500,Oscar Bressane (SP),2615
3534609,Osvaldo Cruz (SP),32593
3534708,Ourinhos (SP),111056
3534757,Ouroeste (SP),9733
3534807,Ouro Verde (SP),8386
3534906,Pacaembu (SP),14024
3535002,Palestina (SP),12388
3535101,Palmares Paulista (SP),12536
3535200,Palmeira d'Oeste (SP),9545
3535309,Palmital (SP),22146
3535408,Panorama (SP),15539
3535507,Paraguaçu Paulista (SP),45027
3535606,Paraibuna (SP),18166
3535705,Paraíso (SP),6330
3535804,Paranapanema (SP),19545
3535903,Paranapuã (SP),4035
3536000,Parapuã (SP),11085
3536109,Pardinho (SP),6191
3536208,Pariquera-Açu (SP),19465
3536257,Parisi (SP),2142
3536307,Patrocínio Paulista (SP),14223
3536406,Paulicéia (SP),7065
3536505,Paulínia (SP),100128
3536570,Paulistânia (SP),1840
3536604,Paulo de Faria (SP),8939
3536703,Pederneiras (SP),45314
3536802,Pedra Bela (SP),6062
3536901,Pedranópolis (SP),2558
3537008,Pedregulho (SP),16582
3537107,Pedreira (SP),46094
3537156,Pedrinhas Paulista (SP),3079
3537206,Pedro de Toledo (SP),11053
3537305,Penápolis (SP),62409
3537404,Pereira Barreto (SP),25779
3537503,Pereiras (SP),8312
3537602,Peruíbe (SP),65907
3537701,Piacatu (SP),5793
3537800,Piedade (SP),54907
3537909,Pilar do Sul (SP),28516
3538006,Pindamonhangaba (SP),162327
3538105,Pindorama (SP),16501
3538204,Pinhalzinho (SP),14595
3538303,Piquerobi (SP),3686
3538501,Piquete (SP),14048
3538600,Piracaia (SP),26841
3538709,Piracicaba (SP),394419
3538808,Piraju (SP),29728
3538907,Pirajuí (SP),24762
3539004,Pirangi (SP),11272
3539103,Pirapora do Bom Jesus (SP),17913
3539202,Pirapozinho (SP),26810
3539301,Pirassununga (SP),75035
3539400,Piratininga (SP),13216
3539509,Pitangueiras (SP),38554
3539608,Planalto (SP),5005
3539707,Platina (SP),3461
3539806,Poá (SP),114650
3539905,Poloni (SP),5884
3540002,Pompéia (SP),21526
3540101,Pongaí (SP),3494
3540200,Pontal (SP),46818
3540259,Pontalinda (SP),4476
3540309,Pontes Gestal (SP),2593
3540408,Populina (SP),4254
3540507,Porangaba (SP),9434
3540606,Porto Feliz (SP),52221
3540705,Porto Ferreira (SP),55100
3540754,Potim (SP),22911
3540804,Potirendaba (SP),16857
3540853,Pracinha (SP),3659
3540903,Pradópolis (SP),20169
3541000,Praia Grande (SP),304705
3541059,Pratânia (SP),5074
3541109,Presidente Alves (SP),4167
3541208,Presidente Bernardes (SP),13494
3541307,Presidente Epitácio (SP),43718
3541406,Presidente Prudente (SP),223749
3541505,Presidente Venceslau (SP),39476
3541604,Promissão (SP),39139
3541653,Quadra (SP),3634
3541703,Quatá (SP),13798
3541802,Queiroz (SP),3217
3541901,Queluz (SP),12777
3542008,Quintana (SP),6484
3542107,Rafard (SP),9030
3542206,Rancharia (SP),29799
3542305,Redenção da Serra (SP),3919
3542404,Regente Feijó (SP),19860
3542503,Reginópolis (SP),8844
3542602,Registro (SP),56356
3542701,Restinga (SP),7304
3542800,Ribeira (SP),3399
3542909,Ribeirão Bonito (SP),12986
3543006,Ribeirão Branco (SP),17430
3543105,Ribeirão Corrente (SP),4612
3543204,Ribeirão do Sul (SP),4572
3543238,Ribeirão dos Índios (SP),2244
3543253,Ribeirão Grande (SP),7690
3543303,Ribeirão Pires (SP),121130
3543402,Ribeirão Preto (SP),674405
3543501,Riversul (SP),5866
3543600,Rifaina (SP),3608
3543709,Rincão (SP),10809
3543808,Rinópolis (SP),10116
3543907,Rio Claro (SP),201473
3544004,Rio das Pedras (SP),33464
3544103,Rio Grande da Serra (SP),48861
3544202,Riolândia (SP),11928
3544251,Rosana (SP),18124
3544301,Roseira (SP),10429
3544400,Rubiácea (SP),3015
3544509,Rubinéia (SP),3081
3544608,Sabino (SP),5526
3544707,Sagres (SP),2454
3544806,Sales (SP),6074
3544905,Sales Oliveira (SP),11541
3545001,Salesópolis (SP),16797
3545100,Salmourão (SP),5187
3545159,Saltinho (SP),7919
3545209,Salto (SP),115193
3545308,Salto de Pirapora (SP),43990
3545407,Salto Grande (SP),9255
3545506,Sandovalina (SP),4126
3545605,Santa Adélia (SP),15255
3545704,Santa Albertina (SP),5985
3545803,Santa Bárbara d'Oeste (SP),191024
3546009,Santa Branca (SP),14601
3546108,Santa Clara d'Oeste (SP),2136
3546207,Santa Cruz da Conceição (SP),4371
3546256,Santa Cruz da Esperança (SP),2097
3546306,Santa Cruz das Palmeiras (SP),33106
3546405,Santa Cruz do Rio Pardo (SP),46893
3546504,Santa Ernestina (SP),5672
3546603,Santa Fé do Sul (SP),31578
3546702,Santa Gertrudes (SP),25192
3546801,Santa Isabel (SP),55476
3546900,Santa Lúcia (SP),8723
3547007,Santa Maria da Serra (SP),5962
3547106,Santa Mercedes (SP),2941
3547205,Santana da Ponte Pensa (SP),1573
3547304,Santana de Parnaíba (SP),129261
3547403,Santa Rita d'Oeste (SP),2554
3547502,Santa Rita do Passa Quatro (SP),27546
3547601,Santa Rosa de Viterbo (SP),25869
3547650,Santa Salete (SP),1530
3547700,Santo Anastácio (SP),21037
3547809,Santo André (SP),712749
3547908,Santo Antônio da Alegria (SP),6785
3548005,Santo Antônio de Posse (SP),22597
3548054,Santo Antônio do Aracanguá (SP),8228
3548104,Santo Antônio do Jardim (SP),6041
3548203,Santo Antônio do Pinhal (SP),6784
3548302,Santo Expedito (SP),3035
3548401,Santópolis do Aguapeí (SP),4650
3548500,Santos (SP),434359
3548609,São Bento do Sapucaí (SP),10880
3548708,São Bernardo do Campo (SP),822242
3548807,São Caetano do Sul (SP),158825
3548906,São Carlos (SP),243765
3549003,São Francisco (SP),2854
3549102,São João da Boa Vista (SP),89564
3549201,São João das Duas Pontes (SP),2607
3549250,São João de Iracema (SP),1894
3549300,São João do Pau d'Alho (SP),2136
3549409,São Joaquim da Barra (SP),50520
3549508,São José da Bela Vista (SP),8854
3549607,São José do Barreiro (SP),4183
3549706,São José do Rio Pardo (SP),54563
3549805,São José do Rio Preto (SP),446649
3549904,São José dos Campos (SP),695992
3549953,São Lourenço da Serra (SP),15323
3550001,São Luiz do Paraitinga (SP),10735
3550100,São Manuel (SP),40532
3550209,São Miguel Arcanjo (SP),32840
3550308,São Paulo (SP),12038175
3550407,São Pedro (SP),34595
3550506,São Pedro do Turvo (SP),7596
3550605,São Roque (SP),87506
3550704,São Sebastião (SP),84294
3550803,São Sebastião da Grama (SP),12335
3550902,São Simão (SP),15165
3551009,São Vicente (SP),357989
3551108,Sarapuí (SP),9936
3551207,Sarutaiá (SP),3687
3551306,Sebastianópolis do Sul (SP),3373
3551405,Serra Azul (SP),13516
3551504,Serrana (SP),43293
3551603,Serra Negra (SP),28534
3551702,Sertãozinho (SP),121412
3551801,Sete Barras (SP),13098
3551900,Severínia (SP),16962
3552007,Silveiras (SP),6193
3552106,Socorro (SP),39896
3552205,Sorocaba (SP),652481
3552304,Sud Mennucci (SP),7723
3552403,Sumaré (SP),269522
3552502,Suzano (SP),288056
3552551,Suzanápolis (SP),3790
3552601,Tabapuã (SP),12178
3552700,Tabatinga (SP),16021
3552809,Taboão da Serra (SP),275948
3552908,Taciba (SP),6152
3553005,Taguaí (SP),12851
3553104,Taiaçu (SP),6230
3553203,Taiúva (SP),5604
3553302,Tambaú (SP),23241
3553401,Tanabi (SP),25597
3553500,Tapiraí (SP),8010
3553609,Tapiratiba (SP),13069
3553658,Taquaral (SP),2821
3553708,Taquaritinga (SP),56771
3553807,Taquarituba (SP),23202
3553856,Taquarivaí (SP),5660
3553906,Tarabai (SP),7236
3553955,Tarumã (SP),14378
3554003,Tatuí (SP),117823
3554102,Taubaté (SP),305174
3554201,Tejupá (SP),4713
3554300,Teodoro Sampaio (SP),22795
3554409,Terra Roxa (SP),9164
3554508,Tietê (SP),40613
3554607,Timburi (SP),2695
3554656,Torre de Pedra (SP),2385
3554706,Torrinha (SP),9890
3554755,Trabiju (SP),1677
3554805,Tremembé (SP),45414
3554904,Três Fronteiras (SP),5743
3554953,Tuiuti (SP),6612
3555000,Tupã (SP),65705
3555109,Tupi Paulista (SP),15238
3555208,Turiúba (SP),2013
3555307,Turmalina (SP),1854
3555356,Ubarana (SP),5996
3555406,Ubatuba (SP),87364
3555505,Ubirajara (SP),4711
3555604,Uchoa (SP),10008
3555703,União Paulista (SP),1773
3555802,Urânia (SP),9141
3555901,Uru (SP),1218
3556008,Urupês (SP),13580
3556107,Valentim Gentil (SP),12610
3556206,Valinhos (SP),122163
3556305,Valparaíso (SP),25316
3556354,Vargem (SP),10000
3556404,Vargem Grande do Sul (SP),42061
3556453,Vargem Grande Paulista (SP),49542
3556503,Várzea Paulista (SP),117772
3556602,Vera Cruz (SP),10980
3556701,Vinhedo (SP),73855
3556800,Viradouro (SP),18542
3556909,Vista Alegre do Alto (SP),8171
3556958,Vitória Brasil (SP),1827
3557006,Votorantim (SP),118858
3557105,Votuporanga (SP),92032
3557154,Zacarias (SP),2605
3557204,Chavantes (SP),12486
3557303,Estiva Gerbi (SP),10971
41,Paraná,11242720
4100103,Abatiá (PR),7795
4100202,Adrianópolis (PR),6293
4100301,Agudos do Sul (PR),9073
4100400,Almirante Tamandaré (PR),114129
4100459,Altamira do Paraná (PR),3143
4100509,Altônia (PR),21867
4100608,Alto Paraná (PR),14606
4100707,Alto Piquiri (PR),10253
4100806,Alvorada do Sul (PR),11148
4100905,Amaporã (PR),6019
4101002,Ampére (PR),18740
4101051,Anahy (PR),2908
4101101,Andirá (PR),20822
4101150,Ângulo (PR),2969
4101200,Antonina (PR),19418
4101309,Antônio Olinto (PR),7582
4101408,Apucarana (PR),131571
4101507,Arapongas (PR),116960
4101606,Arapoti (PR),27728
4101655,Arapuã (PR),3384
4101705,Araruna (PR),14056
4101804,Araucária (PR),135459
4101853,Ariranha do Ivaí (PR),2330
4101903,Assaí (PR),16104
4102000,Assis Chateaubriand (PR),34046
4102109,Astorga (PR),26087
4102208,Atalaia (PR),4002
4102307,Balsa Nova (PR),12471
4102406,Bandeirantes (PR),32562
4102505,Barbosa Ferraz (PR),12393
4102604,Barracão (PR),10273
4102703,Barra do Jacaré (PR),2825
4102752,Bela Vista da Caroba (PR),3811
4102802,Bela Vista do Paraíso (PR),15634
4102901,Bituruna (PR),16511
4103008,Boa Esperança (PR),4438
4103024,Boa Esperança do Iguaçu (PR),2694
4103040,Boa Ventura de São Roque (PR),6674
4103057,Boa Vista da Aparecida (PR),7939
4103107,Bocaiúva do Sul (PR),12320
4103156,Bom Jesus do Sul (PR),3755
4103206,Bom Sucesso (PR),6982
4103222,Bom Sucesso do Sul (PR),3361
4103305,Borrazópolis (PR),7387
4103354,Braganey (PR),5714
4103370,Brasilândia do Sul (PR),2990
4103404,Cafeara (PR),2892
4103453,Cafelândia (PR),16896
4103479,Cafezal do Sul (PR),4266
4103503,Califórnia (PR),8545
4103602,Cambará (PR),25287
4103701,Cambé (PR),104592
4103800,Cambira (PR),7759
4103909,Campina da Lagoa (PR),15144
4103958,Campina do Simão (PR),4079
4104006,Campina Grande do Sul (PR),42187
4104055,Campo Bonito (PR),4210
4104105,Campo do Tenente (PR),7762
4104204,Campo Largo (PR),125719
4104253,Campo Magro (PR),27884
4104303,Campo Mourão (PR),93547
4104402,Cândido de Abreu (PR),16198
4104428,Candói (PR),15901
4104451,Cantagalo (PR),13478
4104501,Capanema (PR),19320
4104600,Capitão Leônidas Marques (PR),15788
4104659,Carambeí (PR),21939
4104709,Carlópolis (PR),14384
4104808,Cascavel (PR),316226
4104907,Castro (PR),71159
4105003,Catanduvas (PR),10455
4105102,Centenário do Sul (PR),11279
4105201,Cerro Azul (PR),17821
4105300,Céu Azul (PR),11707
4105409,Chopinzinho (PR),19951
4105508,Cianorte (PR),78553
4105607,Cidade Gaúcha (PR),12199
4105706,Clevelândia (PR),17311
4105805,Colombo (PR),234941
4105904,Colorado (PR),23811
4106001,Congonhinhas (PR),8779
4106100,Conselheiro Mairinck (PR),3849
4106209,Contenda (PR),17745
4106308,Corbélia (PR),17135
4106407,Cornélio Procópio (PR),48615
4106456,Coronel Domingos Soares (PR),7607
4106506,Coronel Vivida (PR),21755
4106555,Corumbataí do Sul (PR),3682
4106571,Cruzeiro do Iguaçu (PR),4373
4106605,Cruzeiro do Oeste (PR),21197
4106704,Cruzeiro do Sul (PR),4628
4106803,Cruz Machado (PR),18858
4106852,Cruzmaltina (PR),3128
4106902,Curitiba (PR),1893997
4107009,Curiúva (PR),14911
4107108,Diamante do Norte (PR),5425
4107124,Diamante do Sul (PR),3562
4107157,Diamante D'Oeste (PR),5277
4107207,Dois Vizinhos (PR),39500
4107256,Douradina (PR),8335
4107306,Doutor Camargo (PR),6058
4107405,Enéas Marques (PR),6182
4107504,Engenheiro Beltrão (PR),14311
4107520,Esperança Nova (PR),1875
4107538,Entre Rios do Oeste (PR),4357
4107546,Espigão Alto do Iguaçu (PR),4494
4107553,Farol (PR),3355
4107603,Faxinal (PR),17233
4107652,Fazenda Rio Grande (PR),93730
4107702,Fênix (PR),4903
4107736,Fernandes Pinheiro (PR),5929
4107751,Figueira (PR),8222
4107801,Floraí (PR),5114
4107850,Flor da Serra do Sul (PR),4792
4107900,Floresta (PR),6535
4108007,Florestópolis (PR),11145
4108106,Flórida (PR),2685
4108205,Formosa do Oeste (PR),7214
4108304,Foz do Iguaçu (PR),263915
4108320,Francisco Alves (PR),6382
4108403,Francisco Beltrão (PR),87491
4108452,Foz do Jordão (PR),5144
4108502,General Carneiro (PR),14038
4108551,Godoy Moreira (PR),3211
4108601,Goioerê (PR),29683
4108650,Goioxim (PR),7482
4108700,Grandes Rios (PR),6251
4108809,Guaíra (PR),32784
4108908,Guairaçá (PR),6562
4108957,Guamiranga (PR),8552
4109005,Guapirama (PR),3942
4109104,Guaporema (PR),2291
4109203,Guaraci (PR),5463
4109302,Guaraniaçu (PR),13817
4109401,Guarapuava (PR),179256
4109500,Guaraqueçaba (PR),7944
4109609,Guaratuba (PR),35588
4109658,Honório Serpa (PR),5705
4109708,Ibaiti (PR),30888
4109757,Ibema (PR),6374
4109807,Ibiporã (PR),52848
4109906,Icaraíma (PR),8561
4110003,Iguaraçu (PR),4309
4110052,Iguatu (PR),2303
4110078,Imbaú (PR),12550
4110102,Imbituva (PR),31391
4110201,Inácio Martins (PR),11319
4110300,Inajá (PR),3128
4110409,Indianópolis (PR),4493
4110508,Ipiranga (PR),15059
4110607,Iporã (PR),14794
4110656,Iracema do Oeste (PR),2487
4110706,Irati (PR),60070
4110805,Iretama (PR),10648
4110904,Itaguajé (PR),4629
4110953,Itaipulândia (PR),10413
4111001,Itambaracá (PR),6835
4111100,Itambé (PR),6201
4111209,Itapejara d'Oeste (PR),11571
4111258,Itaperuçu (PR),27131
4111308,Itaúna do Sul (PR),3288
4111407,Ivaí (PR),13714
4111506,Ivaiporã (PR),32715
4111555,Ivaté (PR),8067
4111605,Ivatuba (PR),3220
4111704,Jaboti (PR),5226
4111803,Jacarezinho (PR),40253
4111902,Jaguapitã (PR),13287
4112009,Jaguariaíva (PR),34647
4112108,Jandaia do Sul (PR),21273
4112207,Janiópolis (PR),6005
4112306,Japira (PR),5078
4112405,Japurá (PR),9238
4112504,Jardim Alegre (PR),12104
4112603,Jardim Olinda (PR),1403
4112702,Jataizinho (PR),12560
4112751,Jesuítas (PR),8912
4112801,Joaquim Távora (PR),11639
4112900,Jundiaí do Sul (PR),3443
4112959,Juranda (PR),7669
4113007,Jussara (PR),6995
4113106,Kaloré (PR),4402
4113205,Lapa (PR),47814
4113254,Laranjal (PR),6248
4113304,Laranjeiras do Sul (PR),32228
4113403,Leópolis (PR),4147
4113429,Lidianópolis (PR),3717
4113452,Lindoeste (PR),5129
4113502,Loanda (PR),22754
4113601,Lobato (PR),4721
4113700,Londrina (PR),553393
4113734,Luiziana (PR),7463
4113759,Lunardelli (PR),5095
4113809,Lupionópolis (PR),4885
4113908,Mallet (PR),13611
4114005,Mamborê (PR),13870
4114104,Mandaguaçu (PR),21920
4114203,Mandaguari (PR),34425
4114302,Mandirituba (PR),25287
4114351,Manfrinópolis (PR),2907
4114401,Mangueirinha (PR),17301
4114500,Manoel Ribas (PR),13684
4114609,Marechal Cândido Rondon (PR),51306
4114708,Maria Helena (PR),5957
4114807,Marialva (PR),34675
4114906,Marilândia do Sul (PR),9073
4115002,Marilena (PR),7150
4115101,Mariluz (PR),10548
4115200,Maringá (PR),403063
4115309,Mariópolis (PR),6612
4115358,Maripá (PR),5784
4115408,Marmeleiro (PR),14505
4115457,Marquinho (PR),4826
4115507,Marumbi (PR),4760
4115606,Matelândia (PR),17491
4115705,Matinhos (PR),33024
4115739,Mato Rico (PR),3622
4115754,Mauá da Serra (PR),9874
4115804,Medianeira (PR),45239
4115853,Mercedes (PR),5437
4115903,Mirador (PR),2324
4116000,Miraselva (PR),1880
4116059,Missal (PR),10863
4116109,Moreira Sales (PR),12664
4116208,Morretes (PR),16488
4116307,Munhoz de Melo (PR),3934
4116406,Nossa Senhora das Graças (PR),4070
4116505,Nova Aliança do Ivaí (PR),1527
4116604,Nova América da Colina (PR),3549
4116703,Nova Aurora (PR),11418
4116802,Nova Cantu (PR),6471
4116901,Nova Esperança (PR),27986
4116950,Nova Esperança do Sudoeste (PR),5200
4117008,Nova Fátima (PR),8357
4117057,Nova Laranjeiras (PR),11947
4117107,Nova Londrina (PR),13478
4117206,Nova Olímpia (PR),5806
4117214,Nova Santa Bárbara (PR),4190
4117222,Nova Santa Rosa (PR),8140
4117255,Nova Prata do Iguaçu (PR),10733
4117271,Nova Tebas (PR),6644
4117297,Novo Itacolomi (PR),2907
4117305,Ortigueira (PR),23308
4117404,Ourizona (PR),3491
4117453,Ouro Verde do Oeste (PR),6000
4117503,Paiçandu (PR),39728
4117602,Palmas (PR),48339
4117701,Palmeira (PR),33889
4117800,Palmital (PR),14332
4117909,Palotina (PR),31115
4118006,Paraíso do Norte (PR),13180
4118105,Paranacity (PR),11168
4118204,Paranaguá (PR),151829
4118303,Paranapoema (PR),3084
4118402,Paranavaí (PR),87316
4118451,Pato Bragado (PR),5369
4118501,Pato Branco (PR),79869
4118600,Paula Freitas (PR),5808
4118709,Paulo Frontin (PR),7326
4118808,Peabiru (PR),14171
4118857,Perobal (PR),6029
4118907,Pérola (PR),11020
4119004,Pérola d'Oeste (PR),6710
4119103,Piên (PR),12334
4119152,Pinhais (PR),128256
4119202,Pinhalão (PR),6433
4119251,Pinhal de São Bento (PR),2749
4119301,Pinhão (PR),32152
4119400,Piraí do Sul (PR),25117
4119509,Piraquara (PR),106132
4119608,Pitanga (PR),32215
4119657,Pitangueiras (PR),3107
4119707,Planaltina do Paraná (PR),4290
4119806,Planalto (PR),13907
4119905,Ponta Grossa (PR),341130
4119954,Pontal do Paraná (PR),24878
4120002,Porecatu (PR),13863
4120101,Porto Amazonas (PR),4809
4120150,Porto Barreiro (PR),3527
4120200,Porto Rico (PR),2610
4120309,Porto Vitória (PR),4146
4120333,Prado Ferreira (PR),3693
4120358,Pranchita (PR),5517
4120408,Presidente Castelo Branco (PR),5186
4120507,Primeiro de Maio (PR),11265
4120606,Prudentópolis (PR),51849
4120655,Quarto Centenário (PR),4794
4120705,Quatiguá (PR),7441
4120804,Quatro Barras (PR),22353
4120853,Quatro Pontes (PR),4014
4120903,Quedas do Iguaçu (PR),33265
4121000,Querência do Norte (PR),12284
4121109,Quinta do Sol (PR),4941
4121208,Quitandinha (PR),18578
4121257,Ramilândia (PR),4410
4121307,Rancho Alegre (PR),3977
4121356,Rancho Alegre D'Oeste (PR),2816
4121406,Realeza (PR),17068
4121505,Rebouças (PR),14926
4121604,Renascença (PR),6981
4121703,Reserva (PR),26643
4121752,Reserva do Iguaçu (PR),7872
4121802,Ribeirão Claro (PR),10945
4121901,Ribeirão do Pinhal (PR),13601
4122008,Rio Azul (PR),15112
4122107,Rio Bom (PR),3348
4122156,Rio Bonito do Iguaçu (PR),13545
4122172,Rio Branco do Ivaí (PR),4104
4122206,Rio Branco do Sul (PR),32369
4122305,Rio Negro (PR),33628
4122404,Rolândia (PR),64028
4122503,Roncador (PR),10921
4122602,Rondon (PR),9535
4122651,Rosário do Ivaí (PR),5298
4122701,Sabáudia (PR),6644
4122800,Salgado Filho (PR),4072
4122909,Salto do Itararé (PR),5179
4123006,Salto do Lontra (PR),14627
4123105,Santa Amélia (PR),3643
4123204,Santa Cecília do Pavão (PR),3570
4123303,Santa Cruz de Monte Castelo (PR),8140
4123402,Santa Fé (PR),11562
4123501,Santa Helena (PR),25665
4123600,Santa Inês (PR),1746
4123709,Santa Isabel do Ivaí (PR),8877
4123808,Santa Izabel do Oeste (PR),14289
4123824,Santa Lúcia (PR),3965
4123857,Santa Maria do Oeste (PR),10861
4123907,Santa Mariana (PR),12369
4123956,Santa Mônica (PR),3882
4124004,Santana do Itararé (PR),5244
4124020,Santa Tereza do Oeste (PR),10489
4124053,Santa Terezinha de Itaipu (PR),22783
4124103,Santo Antônio da Platina (PR),45562
4124202,Santo Antônio do Caiuá (PR),2749
4124301,Santo Antônio do Paraíso (PR),2307
4124400,Santo Antônio do Sudoeste (PR),20059
4124509,Santo Inácio (PR),5494
4124608,São Carlos do Ivaí (PR),6797
4124707,São Jerônimo da Serra (PR),11535
4124806,São João (PR),10676
4124905,São João do Caiuá (PR),6031
4125001,São João do Ivaí (PR),11115
4125100,São João do Triunfo (PR),14815
4125209,São Jorge d'Oeste (PR),9296
4125308,São Jorge do Ivaí (PR),5675
4125357,São Jorge do Patrocínio (PR),5980
4125407,São José da Boa Vista (PR),6512
4125456,São José das Palmeiras (PR),3832
4125506,São José dos Pinhais (PR),302759
4125555,São Manoel do Paraná (PR),2184
4125605,São Mateus do Sul (PR),45000
4125704,São Miguel do Iguaçu (PR),27330
4125753,São Pedro do Iguaçu (PR),6336
4125803,São Pedro do Ivaí (PR),10864
4125902,São Pedro do Paraná (PR),2459
4126009,São Sebastião da Amoreira (PR),8968
4126108,São Tomé (PR),5686
4126207,Sapopema (PR),6906
4126256,Sarandi (PR),91344
4126272,Saudade do Iguaçu (PR),5410
4126306,Sengés (PR),19373
4126355,Serranópolis do Iguaçu (PR),4645
4126405,Sertaneja (PR),5678
4126504,Sertanópolis (PR),16429
4126603,Siqueira Campos (PR),20303
4126652,Sulina (PR),3257
4126678,Tamarana (PR),13939
4126702,Tamboara (PR),5028
4126801,Tapejara (PR),15835
4126900,Tapira (PR),5824
4127007,Teixeira Soares (PR),11666
4127106,Telêmaco Borba (PR),76550
4127205,Terra Boa (PR),16887
4127304,Terra Rica (PR),16453
4127403,Terra Roxa (PR),17573
4127502,Tibagi (PR),20470
4127601,Tijucas do Sul (PR),16161
4127700,Toledo (PR),133824
4127809,Tomazina (PR),8544
4127858,Três Barras do Paraná (PR),12242
4127882,Tunas do Paraná (PR),7767
4127908,Tuneiras do Oeste (PR),8847
4127957,Tupãssi (PR),8269
4127965,Turvo (PR),13712
4128005,Ubiratã (PR),21812
4128104,Umuarama (PR),109132
4128203,União da Vitória (PR),56650
4128302,Uniflor (PR),2604
4128401,Uraí (PR),11678
4128500,Wenceslau Braz (PR),19852
4128534,Ventania (PR),11252
4128559,Vera Cruz do Oeste (PR),8958
4128609,Verê (PR),7745
4128625,Alto Paraíso (PR),3037
4128633,Doutor Ulysses (PR),5794
4128658,Virmond (PR),4090
4128708,Vitorino (PR),6853
4128807,Xambrê (PR),5986
42,Santa Catarina,6910553
4200051,Abdon Batista (SC),2617
4200101,Abelardo Luz (SC),17782
4200200,Agrolândia (SC),10427
4200309,Agronômica (SC),5371
4200408,Água Doce (SC),7143
4200507,Águas de Chapecó (SC),6412
4200556,Águas Frias (SC),2397
4200606,Águas Mornas (SC),6206
4200705,Alfredo Wagner (SC),9905
4200754,Alto Bela Vista (SC),1977
4200804,Anchieta (SC),5909
4200903,Angelina (SC),4998
4201000,Anita Garibaldi (SC),7708
4201109,Anitápolis (SC),3251
4201208,Antônio Carlos (SC),8223
4201257,Apiúna (SC),10432
4201273,Arabutã (SC),4278
4201307,Araquari (SC),33867
4201406,Araranguá (SC),66442
4201505,Armazém (SC),8431
4201604,Arroio Trinta (SC),3564
4201653,Arvoredo (SC),2266
4201703,Ascurra (SC),7829
4201802,Atalanta (SC),3268
4201901,Aurora (SC),5681
4201950,Balneário Arroio do Silva (SC),11982
4202008,Balneário Camboriú (SC),131727
4202057,Balneário Barra do Sul (SC),10073
4202073,Balneário Gaivota (SC),10128
4202081,Bandeirante (SC),2779
4202099,Barra Bonita (SC),1764
4202107,Barra Velha (SC),27080
4202131,Bela Vista do Toldo (SC),6276
4202156,Belmonte (SC),2705
4202206,Benedito Novo (SC),11297
4202305,Biguaçu (SC),65528
4202404,Blumenau (SC),343715
4202438,Bocaina do Sul (SC),3440
4202453,Bombinhas (SC),18052
4202503,Bom Jardim da Serra (SC),4663
4202537,Bom Jesus (SC),2870
4202578,Bom Jesus do Oeste (SC),2153
4202602,Bom Retiro (SC),9698
4202701,Botuverá (SC),5022
4202800,Braço do Norte (SC),32209
4202859,Braço do Trombudo (SC),3682
4202875,Brunópolis (SC),2589
4202909,Brusque (SC),125810
4203006,Caçador (SC),76571
4203105,Caibi (SC),6228
4203154,Calmon (SC),3389
4203204,Camboriú (SC),76592
4203253,Capão Alto (SC),2625
4203303,Campo Alegre (SC),12002
4203402,Campo Belo do Sul (SC),7237
4203501,Campo Erê (SC),8890
4203600,Campos Novos (SC),35383
4203709,Canelinha (SC),11781
4203808,Canoinhas (SC),54296
4203907,Capinzal (SC),22327
4203956,Capivari de Baixo (SC),23982
4204004,Catanduvas (SC),10503
4204103,Caxambu do Sul (SC),3939
4204152,Celso Ramos (SC),2768
4204178,Cerro Negro (SC),3308
4204194,Chapadão do Lageado (SC),2933
4204202,Chapecó (SC),209553
4204251,Cocal do Sul (SC),16301
4204301,Concórdia (SC),73206
4204350,Cordilheira Alta (SC),4253
4204400,Coronel Freitas (SC),10165
4204459,Coronel Martins (SC),2541
4204509,Corupá (SC),15337
4204558,Correia Pinto (SC),13591
4204608,Criciúma (SC),209153
4204707,Cunha Porã (SC),11020
4204756,Cunhataí (SC),1949
4204806,Curitibanos (SC),39399
4204905,Descanso (SC),8452
4205001,Dionísio Cerqueira (SC),15395
4205100,Dona Emma (SC),4039
4205159,Doutor Pedrinho (SC),3990
4205175,Entre Rios (SC),3167
4205191,Ermo (SC),2077
4205209,Erval Velho (SC),4472
4205308,Faxinal dos Guedes (SC),10758
4205357,Flor do Sertão (SC),1597
4205407,Florianópolis (SC),477798
4205431,Formosa do Sul (SC),2562
4205456,Forquilhinha (SC),25560
4205506,Fraiburgo (SC),36102
4205555,Frei Rogério (SC),2197
4205605,Galvão (SC),3137
4205704,Garopaba (SC),21573
4205803,Garuva (SC),17134
4205902,Gaspar (SC),66213
4206009,Governador Celso Ramos (SC),14087
4206108,Grão-Pará (SC),6507
4206207,Gravatal (SC),11313
4206306,Guabiruba (SC),22174
4206405,Guaraciaba (SC),10316
4206504,Guaramirim (SC),41879
4206603,Guarujá do Sul (SC),5118
4206652,Guatambú (SC),4736
4206702,Herval d'Oeste (SC),22324
4206751,Ibiam (SC),1968
4206801,Ibicaré (SC),3290
4206900,Ibirama (SC),18567
4207007,Içara (SC),53998
4207106,Ilhota (SC),13676
4207205,Imaruí (SC),10752
4207304,Imbituba (SC),43624
4207403,Imbuia (SC),6087
4207502,Indaial (SC),65000
4207577,Iomerê (SC),2899
4207601,Ipira (SC),4599
4207650,Iporã do Oeste (SC),8876
4207684,Ipuaçu (SC),7331
4207700,Ipumirim (SC),7530
4207759,Iraceminha (SC),4103
4207809,Irani (SC),10202
4207858,Irati (SC),2004
4207908,Irineópolis (SC),11061
4208005,Itá (SC),6311
4208104,Itaiópolis (SC),21385
4208203,Itajaí (SC),208958
4208302,Itapema (SC),59147
4208401,Itapiranga (SC),16541
4208450,Itapoá (SC),18749
4208500,Ituporanga (SC),24343
4208609,Jaborá (SC),4006
4208708,Jacinto Machado (SC),10573
4208807,Jaguaruna (SC),19254
4208906,Jaraguá do Sul (SC),167300
4208955,Jardinópolis (SC),1649
4209003,Joaçaba (SC),29310
4209102,Joinville (SC),569645
4209151,José Boiteux (SC),4874
4209177,Jupiá (SC),2134
4209201,Lacerdópolis (SC),2249
4209300,Lages (SC),158620
4209409,Laguna (SC),44982
4209458,Lajeado Grande (SC),1461
4209508,Laurentino (SC),6694
4209607,Lauro Müller (SC),15073
4209706,Lebon Régis (SC),12119
4209805,Leoberto Leal (SC),3179
4209854,Lindóia do Sul (SC),4630
4209904,Lontras (SC),11584
4210001,Luiz Alves (SC),12162
4210035,Luzerna (SC),5703
4210050,Macieira (SC),1807
4210100,Mafra (SC),55611
4210209,Major Gercino (SC),3416
4210308,Major Vieira (SC),7957
4210407,Maracajá (SC),7051
4210506,Maravilha (SC),24712
4210555,Marema (SC),1952
4210605,Massaranduba (SC),16240
4210704,Matos Costa (SC),2652
4210803,Meleiro (SC),7056
4210852,Mirim Doce (SC),2399
4210902,Modelo (SC),4181
4211009,Mondaí (SC),11343
4211058,Monte Carlo (SC),9740
4211108,Monte Castelo (SC),8473
4211207,Morro da Fumaça (SC),17373
4211256,Morro Grande (SC),2918
4211306,Navegantes (SC),74964
4211405,Nova Erechim (SC),4804
4211454,Nova Itaberaba (SC),4339
4211504,Nova Trento (SC),13861
4211603,Nova Veneza (SC),14654
4211652,Novo Horizonte (SC),2569
4211702,Orleans (SC),22587
4211751,Otacílio Costa (SC),18075
4211801,Ouro (SC),7381
4211850,Ouro Verde (SC),2254
4211876,Paial (SC),1607
4211892,Painel (SC),2378
4211900,Palhoça (SC),161395
4212007,Palma Sola (SC),7604
4212056,Palmeira (SC),2562
4212106,Palmitos (SC),16257
4212205,Papanduva (SC),18905
4212239,Paraíso (SC),3688
4212254,Passo de Torres (SC),8142
4212270,Passos Maia (SC),4279
4212304,Paulo Lopes (SC),7282
4212403,Pedras Grandes (SC),4047
4212502,Penha (SC),30262
4212601,Peritiba (SC),2880
4212650,Pescaria Brava (SC),9908
4212700,Petrolândia (SC),6051
4212809,Balneário Piçarras (SC),21253
4212908,Pinhalzinho (SC),19105
4213005,Pinheiro Preto (SC),3438
4213104,Piratuba (SC),4209
4213153,Planalto Alegre (SC),2823
4213203,Pomerode (SC),31760
4213302,Ponte Alta (SC),4796
4213351,Ponte Alta do Norte (SC),3405
4213401,Ponte Serrada (SC),11499
4213500,Porto Belo (SC),19744
4213609,Porto União (SC),35045
4213708,Pouso Redondo (SC),16692
4213807,Praia Grande (SC),7367
4213906,Presidente Castello Branco (SC),1630
4214003,Presidente Getúlio (SC),16736
4214102,Presidente Nereu (SC),2306
4214151,Princesa (SC),2891
4214201,Quilombo (SC),10096
4214300,Rancho Queimado (SC),2860
4214409,Rio das Antas (SC),6246
4214508,Rio do Campo (SC),6078
4214607,Rio do Oeste (SC),7428
4214706,Rio dos Cedros (SC),11295
4214805,Rio do Sul (SC),68217
4214904,Rio Fortuna (SC),4594
4215000,Rio Negrinho (SC),41817
4215059,Rio Rufino (SC),2487
4215075,Riqueza (SC),4705
4215109,Rodeio (SC),11434
4215208,Romelândia (SC),5120
4215307,Salete (SC),7614
4215356,Saltinho (SC),3872
4215406,Salto Veloso (SC),4616
4215455,Sangão (SC),12001
4215505,Santa Cecília (SC),16606
4215554,Santa Helena (SC),2288
4215604,Santa Rosa de Lima (SC),2133
4215653,Santa Rosa do Sul (SC),8333
4215679,Santa Terezinha (SC),8855
4215687,Santa Terezinha do Progresso (SC),2611
4215695,Santiago do Sul (SC),1341
4215703,Santo Amaro da Imperatriz (SC),22266
4215752,São Bernardino (SC),2496
4215802,São Bento do Sul (SC),81893
4215901,São Bonifácio (SC),2922
4216008,São Carlos (SC),11038
4216057,São Cristóvão do Sul (SC),5412
4216107,São Domingos (SC),9509
4216206,São Francisco do Sul (SC),49658
4216255,São João do Oeste (SC),6285
4216305,São João Batista (SC),33897
4216354,São João do Itaperiú (SC),3662
4216404,São João do Sul (SC),7247
4216503,São Joaquim (SC),26447
4216602,São José (SC),236029
4216701,São José do Cedro (SC),13899
4216800,São José do Cerrito (SC),8705
4216909,São Lourenço do Oeste (SC),23473
4217006,São Ludgero (SC),12688
4217105,São Martinho (SC),3217
4217154,São Miguel da Boa Vista (SC),1860
4217204,São Miguel do Oeste (SC),39390
4217253,São Pedro de Alcântara (SC),5488
4217303,Saudades (SC),9594
4217402,Schroeder (SC),19463
4217501,Seara (SC),17483
4217550,Serra Alta (SC),3307
4217600,Siderópolis (SC),13778
4217709,Sombrio (SC),29340
4217758,Sul Brasil (SC),2587
4217808,Taió (SC),18161
4217907,Tangará (SC),8748
4217956,Tigrinhos (SC),1707
4218004,Tijucas (SC),36170
4218103,Timbé do Sul (SC),5379
4218202,Timbó (SC),42045
4218251,Timbó Grande (SC),7699
4218301,Três Barras (SC),19046
4218350,Treviso (SC),3824
4218400,Treze de Maio (SC),7082
4218509,Treze Tílias (SC),7392
4218608,Trombudo Central (SC),7135
4218707,Tubarão (SC),103674
4218756,Tunápolis (SC),4612
4218806,Turvo (SC),12649
4218855,União do Oeste (SC),2650
4218905,Urubici (SC),11147
4218954,Urupema (SC),2492
4219002,Urussanga (SC),21090
4219101,Vargeão (SC),3590
4219150,Vargem (SC),2586
4219176,Vargem Bonita (SC),4635
4219200,Vidal Ramos (SC),6361
4219309,Videira (SC),51499
4219358,Vitor Meireles (SC),5089
4219408,Witmarsum (SC),3876
4219507,Xanxerê (SC),49057
4219606,Xavantina (SC),4039
4219705,Xaxim (SC),27921
4219853,Zortéa (SC),3264
4220000,Balneário Rincão (SC),12212
43,Rio Grande do Sul,11286500
4300034,Aceguá (RS),4731
4300059,Água Santa (RS),3841
4300109,Agudo (RS),17102
4300208,Ajuricaba (RS),7372
4300307,Alecrim (RS),6799
4300406,Alegrete (RS),78244
4300455,Alegria (RS),4085
4300471,Almirante Tamandaré do Sul (RS),2085
4300505,Alpestre (RS),7533
4300554,Alto Alegre (RS),1815
4300570,Alto Feliz (RS),3032
4300604,Alvorada (RS),207392
4300638,Amaral Ferrador (RS),6817
4300646,Ametista do Sul (RS),7573
4300661,André da Rocha (RS),1300
4300703,Anta Gorda (RS),6216
4300802,Antônio Prado (RS),13296
4300851,Arambaré (RS),3755
4300877,Araricá (RS),5349
4300901,Aratiba (RS),6621
4301008,Arroio do Meio (RS),20162
4301057,Arroio do Sal (RS),8921
4301073,Arroio do Padre (RS),2895
4301107,Arroio dos Ratos (RS),14227
4301206,Arroio do Tigre (RS),13353
4301305,Arroio Grande (RS),18935
4301404,Arvorezinha (RS),10605
4301503,Augusto Pestana (RS),7117
4301552,Áurea (RS),3725
4301602,Bagé (RS),121986
4301636,Balneário Pinhal (RS),12493
4301651,Barão (RS),6086
4301701,Barão de Cotegipe (RS),6759
4301750,Barão do Triunfo (RS),7415
4301800,Barracão (RS),5479
4301859,Barra do Guarita (RS),3245
4301875,Barra do Quaraí (RS),4212
4301909,Barra do Ribeiro (RS),13316
4301925,Barra do Rio Azul (RS),1933
4301958,Barra Funda (RS),2507
4302006,Barros Cassal (RS),11484
4302055,Benjamin Constant do Sul (RS),2245
4302105,Bento Gonçalves (RS),114203
4302154,Boa Vista das Missões (RS),2168
4302204,Boa Vista do Buricá (RS),6822
4302220,Boa Vista do Cadeado (RS),2524
4302238,Boa Vista do Incra (RS),2569
4302253,Boa Vista do Sul (RS),2859
4302303,Bom Jesus (RS),11784
4302352,Bom Princípio (RS),13064
4302378,Bom Progresso (RS),2238
4302402,Bom Retiro do Sul (RS),12158
4302451,Boqueirão do Leão (RS),7913
4302501,Bossoroca (RS),6836
4302584,Bozano (RS),2233
4302600,Braga (RS),3667
4302659,Brochier (RS),4975
4302709,Butiá (RS),21220
4302808,Caçapava do Sul (RS),34644
4302907,Cacequi (RS),13616
4303004,Cachoeira do Sul (RS),85600
4303103,Cachoeirinha (RS),126666
4303202,Cacique Doble (RS),5090
4303301,Caibaté (RS),5050
4303400,Caiçara (RS),5083
4303509,Camaquã (RS),66031
4303558,Camargo (RS),2726
4303608,Cambará do Sul (RS),6687
4303673,Campestre da Serra (RS),3400
4303707,Campina das Missões (RS),6031
4303806,Campinas do Sul (RS),5645
4303905,Campo Bom (RS),64553
4304002,Campo Novo (RS),5217
4304101,Campos Borges (RS),3524
4304200,Candelária (RS),31541
4304309,Cândido Godói (RS),6587
4304358,Candiota (RS),9362
4304408,Canela (RS),42746
4304507,Canguçu (RS),55956
4304606,Canoas (RS),342634
4304614,Canudos do Vale (RS),1823
4304622,Capão Bonito do Sul (RS),1764
4304630,Capão da Canoa (RS),47792
4304655,Capão do Cipó (RS),3419
4304663,Capão do Leão (RS),25441
4304671,Capivari do Sul (RS),4320
4304689,Capela de Santana (RS),11375
4304697,Capitão (RS),2763
4304705,Carazinho (RS),62193
4304713,Caraá (RS),7918
4304804,Carlos Barbosa (RS),27835
4304853,Carlos Gomes (RS),1560
4304903,Casca (RS),9059
4304952,Caseiros (RS),3174
4305009,Catuípe (RS),9367
4305108,Caxias do Sul (RS),479236
4305116,Centenário (RS),3021
4305124,Cerrito (RS),6461
4305132,Cerro Branco (RS),4681
4305157,Cerro Grande (RS),2443
4305173,Cerro Grande do Sul (RS),11377
4305207,Cerro Largo (RS),14024
4305306,Chapada (RS),9605
4305355,Charqueadas (RS),38599
4305371,Charrua (RS),3493
4305405,Chiapetta (RS),4043
4305439,Chuí (RS),6413
4305447,Chuvisca (RS),5292
4305454,Cidreira (RS),14511
4305504,Ciríaco (RS),4993
4305587,Colinas (RS),2499
4305603,Colorado (RS),3499
4305702,Condor (RS),6826
4305801,Constantina (RS),10101
4305835,Coqueiro Baixo (RS),1560
4305850,Coqueiros do Sul (RS),2467
4305871,Coronel Barros (RS),2556
4305900,Coronel Bicaco (RS),7801
4305934,Coronel Pilar (RS),1734
4305959,Cotiporã (RS),4004
4305975,Coxilha (RS),2880
4306007,Crissiumal (RS),14233
4306056,Cristal (RS),7792
4306072,Cristal do Sul (RS),2918
4306106,Cruz Alta (RS),63615
4306130,Cruzaltense (RS),2077
4306205,Cruzeiro do Sul (RS),12215
4306304,David Canabarro (RS),4842
4306320,Derrubadas (RS),3125
4306353,Dezesseis de Novembro (RS),2769
4306379,Dilermando de Aguiar (RS),3133
4306403,Dois Irmãos (RS),30472
4306429,Dois Irmãos das Missões (RS),2166
4306452,Dois Lajeados (RS),3424
4306502,Dom Feliciano (RS),15224
4306551,Dom Pedro de Alcântara (RS),2618
4306601,Dom Pedrito (RS),39853
4306700,Dona Francisca (RS),3352
4306734,Doutor Maurício Cardoso (RS),5154
4306759,Doutor Ricardo (RS),2074
4306767,Eldorado do Sul (RS),38199
4306809,Encantado (RS),22009
4306908,Encruzilhada do Sul (RS),25801
4306924,Engenho Velho (RS),1367
4306932,Entre-Ijuís (RS),9008
4306957,Entre Rios do Sul (RS),3052
4306973,Erebango (RS),3065
4307005,Erechim (RS),102906
4307054,Ernestina (RS),3211
4307104,Herval (RS),6978
4307203,Erval Grande (RS),5188
4307302,Erval Seco (RS),7715
4307401,Esmeralda (RS),3307
4307450,Esperança do Sul (RS),3224
4307500,Espumoso (RS),15826
4307559,Estação (RS),6165
4307609,Estância Velha (RS),46877
4307708,Esteio (RS),84114
4307807,Estrela (RS),32950
4307815,Estrela Velha (RS),3744
4307831,Eugênio de Castro (RS),2721
4307864,Fagundes Varela (RS),2716
4307906,Farroupilha (RS),69066
4308003,Faxinal do Soturno (RS),6868
4308052,Faxinalzinho (RS),2538
4308078,Fazenda Vilanova (RS),4148
4308102,Feliz (RS),13208
4308201,Flores da Cunha (RS),29405
4308250,Floriano Peixoto (RS),1972
4308300,Fontoura Xavier (RS),10861
4308409,Formigueiro (RS),7074
4308433,Forquetinha (RS),2523
4308458,Fortaleza dos Valos (RS),4603
4308508,Frederico Westphalen (RS),30699
4308607,Garibaldi (RS),33384
4308656,Garruchos (RS),3200
4308706,Gaurama (RS),5897
4308805,General Câmara (RS),8668
4308854,Gentil (RS),1708
4308904,Getúlio Vargas (RS),16648
4309001,Giruá (RS),17132
4309050,Glorinha (RS),7588
4309100,Gramado (RS),34832
4309126,Gramado dos Loureiros (RS),2258
4309159,Gramado Xavier (RS),4232
4309209,Gravataí (RS),273742
4309258,Guabiju (RS),1606
4309308,Guaíba (RS),99186
4309407,Guaporé (RS),24677
4309506,Guarani das Missões (RS),8114
4309555,Harmonia (RS),4630
4309571,Herveiras (RS),3067
4309605,Horizontina (RS),19286
4309654,Hulha Negra (RS),6521
4309704,Humaitá (RS),4998
4309753,Ibarama (RS),4518
4309803,Ibiaçá (RS),4847
4309902,Ibiraiaras (RS),7449
4309951,Ibirapuitã (RS),4159
4310009,Ibirubá (RS),20300
4310108,Igrejinha (RS),34630
4310207,Ijuí (RS),83089
4310306,Ilópolis (RS),4205
4310330,Imbé (RS),20294
4310363,Imigrante (RS),3152
4310405,Independência (RS),6625
4310413,Inhacorá (RS),2315
4310439,Ipê (RS),6448
4310462,Ipiranga do Sul (RS),1978
4310504,Iraí (RS),7969
4310538,Itaara (RS),5357
4310553,Itacurubi (RS),3552
4310579,Itapuca (RS),2309
4310603,Itaqui (RS),39049
4310652,Itati (RS),2592
4310702,Itatiba do Sul (RS),3944
4310751,Ivorá (RS),2118
4310801,Ivoti (RS),22270
4310850,Jaboticaba (RS),4099
4310876,Jacuizinho (RS),2656
4310900,Jacutinga (RS),3709
4311007,Jaguarão (RS),28230
4311106,Jaguari (RS),11551
4311122,Jaquirana (RS),4110
4311130,Jari (RS),3650
4311155,Jóia (RS),8668
4311205,Júlio de Castilhos (RS),20032
4311239,Lagoa Bonita do Sul (RS),2839
4311254,Lagoão (RS),6504
4311270,Lagoa dos Três Cantos (RS),1649
4311304,Lagoa Vermelha (RS),28443
4311403,Lajeado (RS),79172
4311429,Lajeado do Bugre (RS),2592
4311502,Lavras do Sul (RS),7820
4311601,Liberato Salzano (RS),5718
4311627,Lindolfo Collor (RS),5719
4311643,Linha Nova (RS),1707
4311700,Machadinho (RS),5645
4311718,Maçambará (RS),4814
4311734,Mampituba (RS),3081
4311759,Manoel Viana (RS),7372
4311775,Maquiné (RS),7028
4311791,Maratá (RS),2668
4311809,Marau (RS),40629
4311908,Marcelino Ramos (RS),4982
4311981,Mariana Pimentel (RS),3926
4312005,Mariano Moro (RS),2200
4312054,Marques de Souza (RS),4163
4312104,Mata (RS),5141
4312138,Mato Castelhano (RS),2571
4312153,Mato Leitão (RS),4240
4312179,Mato Queimado (RS),1789
4312203,Maximiliano de Almeida (RS),4834
4312252,Minas do Leão (RS),8035
4312302,Miraguaí (RS),4978
4312351,Montauri (RS),1551
4312377,Monte Alegre dos Campos (RS),3243
4312385,Monte Belo do Sul (RS),2696
4312401,Montenegro (RS),63551
4312427,Mormaço (RS),2968
4312443,Morrinhos do Sul (RS),3179
4312450,Morro Redondo (RS),6548
4312476,Morro Reuter (RS),6143
4312500,Mostardas (RS),12758
4312609,Muçum (RS),4998
4312617,Muitos Capões (RS),3147
4312625,Muliterno (RS),1899
4312658,Não-Me-Toque (RS),17094
4312674,Nicolau Vergueiro (RS),1754
4312708,Nonoai (RS),12270
4312757,Nova Alvorada (RS),3457
4312807,Nova Araçá (RS),4429
4312906,Nova Bassano (RS),9540
4312955,Nova Boa Vista (RS),1942
4313003,Nova Bréscia (RS),3337
4313011,Nova Candelária (RS),2810
4313037,Nova Esperança do Sul (RS),5087
4313060,Nova Hartz (RS),20225
4313086,Nova Pádua (RS),2563
4313102,Nova Palma (RS),6597
4313201,Nova Petrópolis (RS),20549
4313300,Nova Prata (RS),25315
4313334,Nova Ramada (RS),2428
4313359,Nova Roma do Sul (RS),3584
4313375,Nova Santa Rita (RS),26086
4313391,Novo Cabrais (RS),4107
4313409,Novo Hamburgo (RS),249113
4313425,Novo Machado (RS),3791
4313441,Novo Tiradentes (RS),2316
4313466,Novo Xingu (RS),1793
4313490,Novo Barreiro (RS),4171
4313508,Osório (RS),44190
4313607,Paim Filho (RS),4196
4313656,Palmares do Sul (RS),11431
4313706,Palmeira das Missões (RS),34907
4313805,Palmitinho (RS),7177
4313904,Panambi (RS),41473
4313953,Pantano Grande (RS),9887
4314001,Paraí (RS),7357
4314027,Paraíso do Sul (RS),7662
4314035,Pareci Novo (RS),3743
4314050,Parobé (RS),55893
4314068,Passa Sete (RS),5523
4314076,Passo do Sobrado (RS),6402
4314100,Passo Fundo (RS),197798
4314134,Paulo Bento (RS),2302
4314159,Paverama (RS),8461
4314175,Pedras Altas (RS),2181
4314209,Pedro Osório (RS),8005
4314308,Pejuçara (RS),4049
4314407,Pelotas (RS),343651
4314423,Picada Café (RS),5564
4314456,Pinhal (RS),2613
4314464,Pinhal da Serra (RS),2115
4314472,Pinhal Grande (RS),4552
4314498,Pinheirinho do Vale (RS),4783
4314506,Pinheiro Machado (RS),12944
4314548,Pinto Bandeira (RS),2847
4314555,Pirapó (RS),2651
4314605,Piratini (RS),20757
4314704,Planalto (RS),10650
4314753,Poço das Antas (RS),2108
4314779,Pontão (RS),3988
4314787,Ponte Preta (RS),1717
4314803,Portão (RS),34353
4314902,Porto Alegre (RS),1481019
4315008,Porto Lucena (RS),5269
4315057,Porto Mauá (RS),2546
4315073,Porto Vera Cruz (RS),1704
4315107,Porto Xavier (RS),10737
4315131,Pouso Novo (RS),1832
4315149,Presidente Lucena (RS),2729
4315156,Progresso (RS),6376
4315172,Protásio Alves (RS),2037
4315206,Putinga (RS),4172
4315305,Quaraí (RS),23555
4315313,Quatro Irmãos (RS),1852
4315321,Quevedos (RS),2820
4315354,Quinze de Novembro (RS),3819
4315404,Redentora (RS),11108
4315453,Relvado (RS),2191
4315503,Restinga Sêca (RS),16324
4315552,Rio dos Índios (RS),3366
4315602,Rio Grande (RS),208641
4315701,Rio Pardo (RS),38968
4315750,Riozinho (RS),4590
4315800,Roca Sales (RS),11040
4315909,Rodeio Bonito (RS),5961
4315958,Rolador (RS),2528
4316006,Rolante (RS),20819
4316105,Ronda Alta (RS),10675
4316204,Rondinha (RS),5520
4316303,Roque Gonzales (RS),7267
4316402,Rosário do Sul (RS),40750
4316428,Sagrada Família (RS),2676
4316436,Saldanha Marinho (RS),2862
4316451,Salto do Jacuí (RS),12460
4316477,Salvador das Missões (RS),2773
4316501,Salvador do Sul (RS),7377
4316600,Sananduva (RS),16189
4316709,Santa Bárbara do Sul (RS),8742
4316733,Santa Cecília do Sul (RS),1696
4316758,Santa Clara do Sul (RS),6235
4316808,Santa Cruz do Sul (RS),126775
4316907,Santa Maria (RS),277309
4316956,Santa Maria do Herval (RS),6344
4316972,Santa Margarida do Sul (RS),2507
4317004,Santana da Boa Vista (RS),8424
4317103,Sant'Ana do Livramento (RS),82631
4317202,Santa Rosa (RS),72504
4317251,Santa Tereza (RS),1780
4317301,Santa Vitória do Palmar (RS),31352
4317400,Santiago (RS),50647
4317509,Santo Ângelo (RS),79040
4317558,Santo Antônio do Palma (RS),2197
4317608,Santo Antônio da Patrulha (RS),42160
4317707,Santo Antônio das Missões (RS),11111
4317756,Santo Antônio do Planalto (RS),2058
4317806,Santo Augusto (RS),14341
4317905,Santo Cristo (RS),14747
4317954,Santo Expedito do Sul (RS),2476
4318002,São Borja (RS),62897
4318051,São Domingos do Sul (RS),3073
4318101,São Francisco de Assis (RS),19437
4318200,São Francisco de Paula (RS),21617
4318309,São Gabriel (RS),62874
4318408,São Jerônimo (RS),23649
4318424,São João da Urtiga (RS),4836
4318432,São João do Polêsine (RS),2649
4318440,São Jorge (RS),2844
4318457,São José das Missões (RS),2725
4318465,São José do Herval (RS),2172
4318481,São José do Hortêncio (RS),4504
4318499,São José do Inhacorá (RS),2212
4318507,São José do Norte (RS),27095
4318606,São José do Ouro (RS),7117
4318614,São José do Sul (RS),2279
4318622,São José dos Ausentes (RS),3483
4318705,São Leopoldo (RS),229678
4318804,São Lourenço do Sul (RS),44561
4318903,São Luiz Gonzaga (RS),35123
4319000,São Marcos (RS),21286
4319109,São Martinho (RS),5799
4319125,São Martinho da Serra (RS),3308
4319158,São Miguel das Missões (RS),7742
4319208,São Nicolau (RS),5704
4319307,São Paulo das Missões (RS),6313
4319356,São Pedro da Serra (RS),3612
4319364,São Pedro das Missões (RS),1991
4319372,São Pedro do Butiá (RS),2987
4319406,São Pedro do Sul (RS),16775
4319505,São Sebastião do Caí (RS),24825
4319604,São Sepé (RS),24418
4319703,São Valentim (RS),3600
4319711,São Valentim do Sul (RS),2261
4319737,São Valério do Sul (RS),2756
4319752,São Vendelino (RS),2140
4319802,São Vicente do Sul (RS),8802
4319901,Sapiranga (RS),79946
4320008,Sapucaia do Sul (RS),138933
4320107,Sarandi (RS),23222
4320206,Seberi (RS),11154
4320230,Sede Nova (RS),3057
4320263,Segredo (RS),7409
4320305,Selbach (RS),5143
4320321,Senador Salgado Filho (RS),2882
4320354,Sentinela do Sul (RS),5507
4320404,Serafina Corrêa (RS),16004
4320453,Sério (RS),2216
4320503,Sertão (RS),6116
4320552,Sertão Santana (RS),6282
4320578,Sete de Setembro (RS),2123
4320602,Severiano de Almeida (RS),3879
4320651,Silveira Martins (RS),2484
4320677,Sinimbu (RS),10404
4320701,Sobradinho (RS),14982
4320800,Soledade (RS),31313
4320859,Tabaí (RS),4494
4320909,Tapejara (RS),21809
4321006,Tapera (RS),10809
4321105,Tapes (RS),17390
4321204,Taquara (RS),57396
4321303,Taquari (RS),27168
4321329,Taquaruçu do Sul (RS),3096
4321352,Tavares (RS),5561
4321402,Tenente Portela (RS),14023
4321436,Terra de Areia (RS),10711
4321451,Teutônia (RS),30518
4321469,Tio Hugo (RS),2930
4321477,Tiradentes do Sul (RS),6338
4321493,Toropi (RS),2978
4321501,Torres (RS),37342
4321600,Tramandaí (RS),46962
4321626,Travesseiro (RS),2390
4321634,Três Arroios (RS),2862
4321667,Três Cachoeiras (RS),10859
4321709,Três Coroas (RS),26348
4321808,Três de Maio (RS),24491
4321832,Três Forquilhas (RS),2910
4321857,Três Palmeiras (RS),4464
4321907,Três Passos (RS),24640
4321956,Trindade do Sul (RS),5961
4322004,Triunfo (RS),28084
4322103,Tucunduva (RS),5979
4322152,Tunas (RS),4595
4322186,Tupanci do Sul (RS),1578
4322202,Tupanciretã (RS),23615
4322251,Tupandi (RS),4421
4322301,Tuparendi (RS),8533
4322327,Turuçu (RS),3590
4322343,Ubiretama (RS),2248
4322350,União da Serra (RS),1393
4322376,Unistalda (RS),2474
4322400,Uruguaiana (RS),129720
4322509,Vacaria (RS),65135
4322525,Vale Verde (RS),3448
4322533,Vale do Sol (RS),11689
4322541,Vale Real (RS),5594
4322558,Vanini (RS),2094
4322608,Venâncio Aires (RS),70179
4322707,Vera Cruz (RS),25866
4322806,Veranópolis (RS),24885
4322855,Vespasiano Corrêa (RS),1966
4322905,Viadutos (RS),5237
4323002,Viamão (RS),252872
4323101,Vicente Dutra (RS),5187
4323200,Victor Graeff (RS),3060
4323309,Vila Flores (RS),3373
4323358,Vila Lângaro (RS),2189
4323408,Vila Maria (RS),4400
4323457,Vila Nova do Sul (RS),4368
4323507,Vista Alegre (RS),2882
4323606,Vista Alegre do Prata (RS),1612
4323705,Vista Gaúcha (RS),2877
4323754,Vitória das Missões (RS),3442
4323770,Westfália (RS),2965
4323804,Xangri-lá (RS),14430
50,Mato Grosso do Sul,2682386
5000203,Água Clara (MS),14734
5000252,Alcinópolis (MS),5114
5000609,Amambai (MS),38030
5000708,Anastácio (MS),24852
5000807,Anaurilândia (MS),8885
5000856,Angélica (MS),10304
5000906,Antônio João (MS),8744
5001003,Aparecida do Taboado (MS),24745
5001102,Aquidauana (MS),47323
5001243,Aral Moreira (MS),11586
5001508,Bandeirantes (MS),6783
5001904,Bataguassu (MS),22084
5002001,Batayporã (MS),11228
5002100,Bela Vista (MS),24223
5002159,Bodoquena (MS),7859
5002209,Bonito (MS),21267
5002308,Brasilândia (MS),11884
5002407,Caarapó (MS),28867
5002605,Camapuã (MS),13712
5002704,Campo Grande (MS),863982
5002803,Caracol (MS),5906
5002902,Cassilândia (MS),21685
5002951,Chapadão do Sul (MS),23284
5003108,Corguinho (MS),5622
5003157,Coronel Sapucaia (MS),14916
5003207,Corumbá (MS),109294
5003256,Costa Rica (MS),19835
5003306,Coxim (MS),33231
5003454,Deodápolis (MS),12712
5003488,Dois Irmãos do Buriti (MS),11049
5003504,Douradina (MS),5775
5003702,Dourados (MS),215486
5003751,Eldorado (MS),12176
5003801,Fátima do Sul (MS),19200
5003900,Figueirão (MS),3020
5004007,Glória de Dourados (MS),9976
5004106,Guia Lopes da Laguna (MS),10063
5004304,Iguatemi (MS),15738
5004403,Inocência (MS),7641
5004502,Itaporã (MS),23220
5004601,Itaquiraí (MS),20401
5004700,Ivinhema (MS),22975
5004809,Japorã (MS),8702
5004908,Jaraguari (MS),6940
5005004,Jardim (MS),25617
5005103,Jateí (MS),4031
5005152,Juti (MS),6476
5005202,Ladário (MS),22228
5005251,Laguna Carapã (MS),7097
5005400,Maracaju (MS),44042
5005608,Miranda (MS),27316
5005681,Mundo Novo (MS),17994
5005707,Naviraí (MS),52367
5005806,Nioaque (MS),14162
5006002,Nova Alvorada do Sul (MS),20217
5006200,Nova Andradina (MS),51764
5006259,Novo Horizonte do Sul (MS),4173
5006275,Paraíso das Águas (MS),5251
5006309,Paranaíba (MS),41626
5006358,Paranhos (MS),13674
5006408,Pedro Gomes (MS),7738
5006606,Ponta Porã (MS),88164
5006903,Porto Murtinho (MS),16686
5007109,Ribas do Rio Pardo (MS),23526
5007208,Rio Brilhante (MS),35465
5007307,Rio Negro (MS),4871
5007406,Rio Verde de Mato Grosso (MS),19515
5007505,Rochedo (MS),5300
5007554,Santa Rita do Pardo (MS),7682
5007695,São Gabriel do Oeste (MS),25443
5007703,Sete Quedas (MS),10811
5007802,Selvíria (MS),6469
5007901,Sidrolândia (MS),52975
5007935,Sonora (MS),17941
5007950,Tacuru (MS),11160
5007976,Taquarussu (MS),3570
5008008,Terenos (MS),20387
5008305,Três Lagoas (MS),115561
5008404,Vicentina (MS),6034
51,Mato Grosso,3305531
5100102,Acorizal (MT),5301
5100201,Água Boa (MT),24032
5100250,Alta Floresta (MT),50082
5100300,Alto Araguaia (MT),17841
5100359,Alto Boa Vista (MT),6308
5100409,Alto Garças (MT),11383
5100508,Alto Paraguai (MT),10814
5100607,Alto Taquari (MT),9963
5100805,Apiacás (MT),9551
5101001,Araguaiana (MT),3059
5101209,Araguainha (MT),953
5101258,Araputanga (MT),16109
5101308,Arenápolis (MT),9576
5101407,Aripuanã (MT),21011
5101605,Barão de Melgaço (MT),7886
5101704,Barra do Bugres (MT),33334
5101803,Barra do Garças (MT),58690
5101837,Boa Esperança do Norte (MT),...
5101852,Bom Jesus do Araguaia (MT),6144
5101902,Brasnorte (MT),18258
5102504,Cáceres (MT),90881
5102603,Campinápolis (MT),15252
5102637,Campo Novo do Parecis (MT),32778
5102678,Campo Verde (MT),38814
5102686,Campos de Júlio (MT),6336
5102694,Canabrava do Norte (MT),4654
5102702,Canarana (MT),20461
5102793,Carlinda (MT),10258
5102850,Castanheira (MT),8429
5103007,Chapada dos Guimarães (MT),18906
5103056,Cláudia (MT),11632
5103106,Cocalinho (MT),5533
5103205,Colíder (MT),32120
5103254,Colniza (MT),34885
5103304,Comodoro (MT),19702
5103353,Confresa (MT),28913
5103361,Conquista D'Oeste (MT),3799
5103379,Cotriguaçu (MT),18209
5103403,Cuiabá (MT),585367
5103437,Curvelândia (MT),5028
5103452,Denise (MT),9040
5103502,Diamantino (MT),21180
5103601,Dom Aquino (MT),8009
5103700,Feliz Natal (MT),13127
5103809,Figueirópolis D'Oeste (MT),3492
5103858,Gaúcha do Norte (MT),7167
5103908,General Carneiro (MT),5286
5103957,Glória D'Oeste (MT),2986
5104104,Guarantã do Norte (MT),34218
5104203,Guiratinga (MT),14525
5104500,Indiavaí (MT),2624
5104526,Ipiranga do Norte (MT),6903
5104542,Itanhangá (MT),6252
5104559,Itaúba (MT),3905
5104609,Itiquira (MT),12620
5104807,Jaciara (MT),26519
5104906,Jangada (MT),7961
5105002,Jauru (MT),9003
5105101,Juara (MT),33731
5105150,Juína (MT),39734
5105176,Juruena (MT),14430
5105200,Juscimeira (MT),11039
5105234,Lambari D'Oeste (MT),5831
5105259,Lucas do Rio Verde (MT),59436
5105309,Luciara (MT),2068
5105507,Vila Bela da Santíssima Trindade (MT),15406
5105580,Marcelândia (MT),10639
5105606,Matupá (MT),15654
5105622,Mirassol d'Oeste (MT),26596
5105903,Nobres (MT),14938
5106000,Nortelândia (MT),5971
5106109,Nossa Senhora do Livramento (MT),12518
5106158,Nova Bandeirantes (MT),14106
5106174,Nova Nazaré (MT),3574
5106182,Nova Lacerda (MT),6231
5106190,Nova Santa Helena (MT),3581
5106208,Nova Brasilândia (MT),3931
5106216,Nova Canaã do Norte (MT),12355
5106224,Nova Mutum (MT),41178
5106232,Nova Olímpia (MT),19218
5106240,Nova Ubiratã (MT),11074
5106257,Nova Xavantina (MT),20519
5106265,Novo Mundo (MT),8549
5106273,Novo Horizonte do Norte (MT),3862
5106281,Novo São Joaquim (MT),5200
5106299,Paranaíta (MT),10864
5106307,Paranatinga (MT),21317
5106315,Novo Santo Antônio (MT),2434
5106372,Pedra Preta (MT),16811
5106422,Peixoto de Azevedo (MT),33296
5106455,Planalto da Serra (MT),2620
5106505,Poconé (MT),32205
5106653,Pontal do Araguaia (MT),6259
5106703,Ponte Branca (MT),1588
5106752,Pontes e Lacerda (MT),43538
5106778,Porto Alegre do Norte (MT),11837
5106802,Porto dos Gaúchos (MT),5308
5106828,Porto Esperidião (MT),11535
5106851,Porto Estrela (MT),3064
5107008,Poxoréu (MT),16209
5107040,Primavera do Leste (MT),58370
5107065,Querência (MT),16061
5107107,São José dos Quatro Marcos (MT),18536
5107156,Reserva do Cabaçal (MT),2638
5107180,Ribeirão Cascalheira (MT),9681
5107198,Ribeirãozinho (MT),2306
5107206,Rio Branco (MT),5028
5107248,Santa Carmem (MT),4326
5107263,Santo Afonso (MT),3044
5107297,São José do Povo (MT),3869
5107305,São José do Rio Claro (MT),19395
5107354,São José do Xingu (MT),5396
5107404,São Pedro da Cipa (MT),4493
5107578,Rondolândia (MT),3823
5107602,Rondonópolis (MT),218899
5107701,Rosário Oeste (MT),17016
5107743,Santa Cruz do Xingu (MT),2353
5107750,Salto do Céu (MT),3423
5107768,Santa Rita do Trivelato (MT),3135
5107776,Santa Terezinha (MT),7967
5107792,Santo Antônio do Leste (MT),4728
5107800,Santo Antônio de Leverger (MT),18186
5107859,São Félix do Araguaia (MT),11209
5107875,Sapezal (MT),23496
5107883,Serra Nova Dourada (MT),1548
5107909,Sinop (MT),132934
5107925,Sorriso (MT),82792
5107941,Tabaporã (MT),9398
5107958,Tangará da Serra (MT),96932
5108006,Tapurah (MT),12632
5108055,Terra Nova do Norte (MT),9816
5108105,Tesouro (MT),3666
5108204,Torixoréu (MT),3644
5108303,União do Sul (MT),3509
5108352,Vale de São Domingos (MT),3047
5108402,Várzea Grande (MT),271339
5108501,Vera (MT),10820
5108600,Vila Rica (MT),24392
5108808,Nova Guarita (MT),4523
5108857,Nova Marilândia (MT),3133
5108907,Nova Maringá (MT),7975
5108956,Nova Monte Verde (MT),8730
52,Goiás,6695855
5200050,Abadia de Goiás (GO),8053
5200100,Abadiânia (GO),18427
5200134,Acreúna (GO),21905
5200159,Adelândia (GO),2561
5200175,Água Fria de Goiás (GO),5560
5200209,Água Limpa (GO),1980
5200258,Águas Lindas de Goiás (GO),191499
5200308,Alexânia (GO),26457
5200506,Aloândia (GO),2075
5200555,Alto Horizonte (GO),5629
5200605,Alto Paraíso de Goiás (GO),7454
5200803,Alvorada do Norte (GO),8598
5200829,Amaralina (GO),3723
5200852,Americano do Brasil (GO),5969
5200902,Amorinópolis (GO),3447
5201108,Anápolis (GO),370875
5201207,Anhanguera (GO),1115
5201306,Anicuns (GO),21614
5201405,Aparecida de Goiânia (GO),532135
5201454,Aparecida do Rio Doce (GO),2514
5201504,Aporé (GO),4110
5201603,Araçu (GO),3753
5201702,Aragarças (GO),19736
5201801,Aragoiânia (GO),9607
5202155,Araguapaz (GO),7841
5202353,Arenópolis (GO),3011
5202502,Aruanã (GO),8945
5202601,Aurilândia (GO),3465
5202809,Avelinópolis (GO),2496
5203104,Baliza (GO),4562
5203203,Barro Alto (GO),10235
5203302,Bela Vista de Goiás (GO),28077
5203401,Bom Jardim de Goiás (GO),8862
5203500,Bom Jesus de Goiás (GO),23632
5203559,Bonfinópolis (GO),8876
5203575,Bonópolis (GO),4069
5203609,Brazabrantes (GO),3565
5203807,Britânia (GO),5795
5203906,Buriti Alegre (GO),9501
5203939,Buriti de Goiás (GO),2589
5203962,Buritinópolis (GO),3391
5204003,Cabeceiras (GO),7882
5204102,Cachoeira Alta (GO),11844
5204201,Cachoeira de Goiás (GO),1419
5204250,Cachoeira Dourada (GO),8369
5204300,Caçu (GO),15065
5204409,Caiapônia (GO),18329
5204508,Caldas Novas (GO),83220
5204557,Caldazinha (GO),3664
5204607,Campestre de Goiás (GO),3602
5204656,Campinaçu (GO),3741
5204706,Campinorte (GO),12198
5204805,Campo Alegre de Goiás (GO),7024
5204854,Campo Limpo de Goiás (GO),7219
5204904,Campos Belos (GO),19665
5204953,Campos Verdes (GO),3631
5205000,Carmo do Rio Verde (GO),9767
5205059,Castelândia (GO),3626
5205109,Catalão (GO),100590
5205208,Caturaí (GO),5010
5205307,Cavalcante (GO),9803
5205406,Ceres (GO),22034
5205455,Cezarina (GO),8299
5205471,Chapadão do Céu (GO),8853
5205497,Cidade Ocidental (GO),65520
5205513,Cocalzinho de Goiás (GO),19352
5205521,Colinas do Sul (GO),3540
5205703,Córrego do Ouro (GO),2539
5205802,Corumbá de Goiás (GO),11024
5205901,Corumbaíba (GO),9206
5206206,Cristalina (GO),54337
5206305,Cristianópolis (GO),3026
5206404,Crixás (GO),16795
5206503,Cromínia (GO),3611
5206602,Cumari (GO),2983
5206701,Damianópolis (GO),3387
5206800,Damolândia (GO),2919
5206909,Davinópolis (GO),2130
5207105,Diorama (GO),2546
5207253,Doverlândia (GO),7795
5207352,Edealina (GO),3811
5207402,Edéia (GO),12140
5207501,Estrela do Norte (GO),3382
5207535,Faina (GO),6975
5207600,Fazenda Nova (GO),6125
5207808,Firminópolis (GO),12783
5207907,Flores de Goiás (GO),14747
5208004,Formosa (GO),114036
5208103,Formoso (GO),4674
5208152,Gameleira de Goiás (GO),3721
5208301,Divinópolis de Goiás (GO),5007
5208400,Goianápolis (GO),11460
5208509,Goiandira (GO),5578
5208608,Goianésia (GO),66649
5208707,Goiânia (GO),1448639
5208806,Goianira (GO),40338
5208905,Goiás (GO),24269
5209101,Goiatuba (GO),34179
5209150,Gouvelândia (GO),5578
5209200,Guapó (GO),14462
5209291,Guaraíta (GO),2237
5209408,Guarani de Goiás (GO),4174
5209457,Guarinos (GO),2093
5209606,Heitoraí (GO),3744
5209705,Hidrolândia (GO),20121
5209804,Hidrolina (GO),3889
5209903,Iaciara (GO),13551
5209937,Inaciolândia (GO),6107
5209952,Indiara (GO),15056
5210000,Inhumas (GO),51932
5210109,Ipameri (GO),26563
5210158,Ipiranga de Goiás (GO),2944
5210208,Iporá (GO),32218
5210307,Israelândia (GO),2916
5210406,Itaberaí (GO),40259
5210562,Itaguari (GO),4717
5210604,Itaguaru (GO),5472
5210802,Itajá (GO),4918
5210901,Itapaci (GO),21323
5211008,Itapirapuã (GO),6541
5211206,Itapuranga (GO),26612
5211305,Itarumã (GO),6927
5211404,Itauçu (GO),8988
5211503,Itumbiara (GO),101544
5211602,Ivolândia (GO),2577
5211701,Jandaia (GO),6263
5211800,Jaraguá (GO),47513
5211909,Jataí (GO),97077
5212006,Jaupaci (GO),3014
5212055,Jesúpolis (GO),2460
5212105,Joviânia (GO),7445
5212204,Jussara (GO),19292
5212253,Lagoa Santa (GO),1463
5212303,Leopoldo de Bulhões (GO),7758
5212501,Luziânia (GO),196864
5212600,Mairipotaba (GO),2432
5212709,Mambaí (GO),8106
5212808,Mara Rosa (GO),10320
5212907,Marzagão (GO),2212
5212956,Matrinchã (GO),4495
5213004,Maurilândia (GO),13170
5213053,Mimoso de Goiás (GO),2708
5213087,Minaçu (GO),30862
5213103,Mineiros (GO),61623
5213400,Moiporá (GO),1684
5213509,Monte Alegre de Goiás (GO),8392
5213707,Montes Claros de Goiás (GO),8230
5213756,Montividiu (GO),12337
5213772,Montividiu do Norte (GO),4417
5213806,Morrinhos (GO),45000
5213855,Morro Agudo de Goiás (GO),2360
5213905,Mossâmedes (GO),4758
5214002,Mozarlândia (GO),14941
5214051,Mundo Novo (GO),5786
5214101,Mutunópolis (GO),3911
5214408,Nazário (GO),8747
5214507,Nerópolis (GO),27812
5214606,Niquelândia (GO),45582
5214705,Nova América (GO),2366
5214804,Nova Aurora (GO),2194
5214838,Nova Crixás (GO),12732
5214861,Nova Glória (GO),8548
5214879,Nova Iguaçu de Goiás (GO),2953
5214903,Nova Roma (GO),3453
5215009,Nova Veneza (GO),9249
5215207,Novo Brasil (GO),3291
5215231,Novo Gama (GO),108410
5215256,Novo Planalto (GO),4343
5215306,Orizona (GO),15364
5215405,Ouro Verde de Goiás (GO),3993
5215504,Ouvidor (GO),6242
5215603,Padre Bernardo (GO),31646
5215652,Palestina de Goiás (GO),3507
5215702,Palmeiras de Goiás (GO),26855
5215801,Palmelo (GO),2420
5215900,Palminópolis (GO),3664
5216007,Panamá (GO),2717
5216304,Paranaiguara (GO),9841
5216403,Paraúna (GO),11210
5216452,Perolândia (GO),3121
5216809,Petrolina de Goiás (GO),10548
5216908,Pilar de Goiás (GO),2571
5217104,Piracanjuba (GO),24830
5217203,Piranhas (GO),11092
5217302,Pirenópolis (GO),24604
5217401,Pires do Rio (GO),30930
5217609,Planaltina (GO),88178
5217708,Pontalina (GO),17933
5218003,Porangatu (GO),45055
5218052,Porteirão (GO),3715
5218102,Portelândia (GO),4030
5218300,Posse (GO),35128
5218391,Professor Jamil (GO),3369
5218508,Quirinópolis (GO),47950
5218607,Rialma (GO),11003
5218706,Rianápolis (GO),4808
5218789,Rio Quente (GO),4014
5218805,Rio Verde (GO),212237
5218904,Rubiataba (GO),19914
5219001,Sanclerlândia (GO),7791
5219100,Santa Bárbara de Goiás (GO),6327
5219209,Santa Cruz de Goiás (GO),3071
5219258,Santa Fé de Goiás (GO),5253
5219308,Santa Helena de Goiás (GO),38563
5219357,Santa Isabel (GO),3847
5219407,Santa Rita do Araguaia (GO),8069
5219456,Santa Rita do Novo Destino (GO),3345
5219506,Santa Rosa de Goiás (GO),2673
5219605,Santa Tereza de Goiás (GO),3761
5219704,Santa Terezinha de Goiás (GO),9747
5219712,Santo Antônio da Barra (GO),4747
5219738,Santo Antônio de Goiás (GO),5659
5219753,Santo Antônio do Descoberto (GO),70950
5219803,São Domingos (GO),12448
5219902,São Francisco de Goiás (GO),6354
5220009,São João d'Aliança (GO),12360
5220058,São João da Paraúna (GO),1571
5220108,São Luís de Montes Belos (GO),32808
5220157,São Luiz do Norte (GO),5026
5220207,São Miguel do Araguaia (GO),22706
5220264,São Miguel do Passa Quatro (GO),4013
5220280,São Patrício (GO),2066
5220405,São Simão (GO),19407
5220454,Senador Canedo (GO),102947
5220504,Serranópolis (GO),8236
5220603,Silvânia (GO),20357
5220686,Simolândia (GO),6863
5220702,Sítio d'Abadia (GO),2984
5221007,Taquaral de Goiás (GO),3625
5221080,Teresina de Goiás (GO),3327
5221197,Terezópolis de Goiás (GO),7513
5221304,Três Ranchos (GO),2899
5221403,Trindade (GO),119385
5221452,Trombas (GO),3567
5221502,Turvânia (GO),4837
5221551,Turvelândia (GO),4978
5221577,Uirapuru (GO),2967
5221601,Uruaçu (GO),39787
5221700,Uruana (GO),14193
5221809,Urutaí (GO),3154
5221858,Valparaíso de Goiás (GO),156419
5221908,Varjão (GO),3842
5222005,Vianópolis (GO),13567
5222054,Vicentinópolis (GO),8286
5222203,Vila Boa (GO),5615
5222302,Vila Propício (GO),5635
53,Distrito Federal,2977216
5300108,Brasília (DF),2977216